Temperature (C),"	Year", Month, Country,,,
11.789019,1960,1,DZA,,,
16.44936,1960,2,DZA,,,
18.318657,1960,3,DZA,,,
20.772602,1960,4,DZA,,,
26.085821,1960,5,DZA,,,
30.491047,1960,6,DZA,,,
31.662151,1960,7,DZA,,,
32.384224,1960,8,DZA,,,
28.355331,1960,9,DZA,,,
23.911407,1960,10,DZA,,,
18.633156,1960,11,DZA,,,
11.977186,1960,12,DZA,,,
11.002878,1961,1,DZA,,,
14.898401,1961,2,DZA,,,
17.59275,1961,3,DZA,,,
23.103838,1961,4,DZA,,,
28.115458,1961,5,DZA,,,
30.204264,1961,6,DZA,,,
32.518867,1961,7,DZA,,,
30.549892,1961,8,DZA,,,
28.651066,1961,9,DZA,,,
23.34808,1961,10,DZA,,,
18.463966,1961,11,DZA,,,
13.854797,1961,12,DZA,,,
13.04467,1962,1,DZA,,,
12.885501,1962,2,DZA,,,
17.258528,1962,3,DZA,,,
21.771427,1962,4,DZA,,,
27.113327,1962,5,DZA,,,
29.922495,1962,6,DZA,,,
32.469723,1962,7,DZA,,,
31.792963,1962,8,DZA,,,
29.053305,1962,9,DZA,,,
23.862154,1962,10,DZA,,,
16.901386,1962,11,DZA,,,
12.167911,1962,12,DZA,,,
13.92953,1963,1,DZA,,,
15.386568,1963,2,DZA,,,
17.41727,1963,3,DZA,,,
21.939978,1963,4,DZA,,,
24.084648,1963,5,DZA,,,
29.527613,1963,6,DZA,,,
32.224308,1963,7,DZA,,,
31.84531,1963,8,DZA,,,
28.360342,1963,9,DZA,,,
22.138805,1963,10,DZA,,,
18.039766,1963,11,DZA,,,
14.713007,1963,12,DZA,,,
11.601919,1964,1,DZA,,,
15.455437,1964,2,DZA,,,
19.72111,1964,3,DZA,,,
20.8726,1964,4,DZA,,,
27.066418,1964,5,DZA,,,
30.782944,1964,6,DZA,,,
31.946802,1964,7,DZA,,,
31.319723,1964,8,DZA,,,
28.364178,1964,9,DZA,,,
22.782623,1964,10,DZA,,,
16.520042,1964,11,DZA,,,
12.594563,1964,12,DZA,,,
11.722494,1965,1,DZA,,,
13.883156,1965,2,DZA,,,
18.269403,1965,3,DZA,,,
20.095524,1965,4,DZA,,,
26.695415,1965,5,DZA,,,
30.241257,1965,6,DZA,,,
32.656822,1965,7,DZA,,,
30.949148,1965,8,DZA,,,
27.749466,1965,9,DZA,,,
24.20469,1965,10,DZA,,,
17.67676,1965,11,DZA,,,
13.399254,1965,12,DZA,,,
14.386141,1966,1,DZA,,,
16.671535,1966,2,DZA,,,
16.660875,1966,3,DZA,,,
22.367697,1966,4,DZA,,,
25.768124,1966,5,DZA,,,
31.140512,1966,6,DZA,,,
32.29659,1966,7,DZA,,,
32.295097,1966,8,DZA,,,
28.3484,1966,9,DZA,,,
23.99435,1966,10,DZA,,,
16.338486,1966,11,DZA,,,
12.715352,1966,12,DZA,,,
11.372708,1967,1,DZA,,,
14.764392,1967,2,DZA,,,
17.934116,1967,3,DZA,,,
21.680277,1967,4,DZA,,,
26.872814,1967,5,DZA,,,
29.45245,1967,6,DZA,,,
32.405754,1967,7,DZA,,,
31.63795,1967,8,DZA,,,
28.65437,1967,9,DZA,,,
23.549147,1967,10,DZA,,,
17.670574,1967,11,DZA,,,
10.955438,1967,12,DZA,,,
10.944883,1968,1,DZA,,,
15.456396,1968,2,DZA,,,
17.942965,1968,3,DZA,,,
22.53646,1968,4,DZA,,,
26.24115,1968,5,DZA,,,
29.724094,1968,6,DZA,,,
32.336994,1968,7,DZA,,,
31.894352,1968,8,DZA,,,
28.867163,1968,9,DZA,,,
22.94371,1968,10,DZA,,,
18.04179,1968,11,DZA,,,
13.41951,1968,12,DZA,,,
13.338167,1969,1,DZA,,,
16.394882,1969,2,DZA,,,
20.02953,1969,3,DZA,,,
20.410341,1969,4,DZA,,,
26.521643,1969,5,DZA,,,
30.011728,1969,6,DZA,,,
30.956717,1969,7,DZA,,,
31.245523,1969,8,DZA,,,
28.479212,1969,9,DZA,,,
22.715778,1969,10,DZA,,,
18.123987,1969,11,DZA,,,
12.065458,1969,12,DZA,,,
14.202772,1970,1,DZA,,,
15.48774,1970,2,DZA,,,
17.516312,1970,3,DZA,,,
21.857782,1970,4,DZA,,,
25.618656,1970,5,DZA,,,
30.96514,1970,6,DZA,,,
32.288914,1970,7,DZA,,,
32.20128,1970,8,DZA,,,
28.56066,1970,9,DZA,,,
22.849787,1970,10,DZA,,,
17.403625,1970,11,DZA,,,
13.110555,1970,12,DZA,,,
12.417271,1971,1,DZA,,,
14.283795,1971,2,DZA,,,
17.5097,1971,3,DZA,,,
22.114925,1971,4,DZA,,,
25.251173,1971,5,DZA,,,
29.9629,1971,6,DZA,,,
31.828146,1971,7,DZA,,,
31.897974,1971,8,DZA,,,
28.196695,1971,9,DZA,,,
22.074734,1971,10,DZA,,,
15.994456,1971,11,DZA,,,
13.239446,1971,12,DZA,,,
11.866205,1972,1,DZA,,,
14.981024,1972,2,DZA,,,
17.453838,1972,3,DZA,,,
20.815672,1972,4,DZA,,,
24.385181,1972,5,DZA,,,
29.718655,1972,6,DZA,,,
32.354797,1972,7,DZA,,,
31.165247,1972,8,DZA,,,
28.442005,1972,9,DZA,,,
23.413006,1972,10,DZA,,,
17.757036,1972,11,DZA,,,
12.384968,1972,12,DZA,,,
11.090192,1973,1,DZA,,,
13.035075,1973,2,DZA,,,
16.290726,1973,3,DZA,,,
21.620256,1973,4,DZA,,,
28.143925,1973,5,DZA,,,
30.785929,1973,6,DZA,,,
32.610767,1973,7,DZA,,,
31.708954,1973,8,DZA,,,
28.956823,1973,9,DZA,,,
22.945736,1973,10,DZA,,,
17.192965,1973,11,DZA,,,
11.948187,1973,12,DZA,,,
12.065458,1974,1,DZA,,,
13.386887,1974,2,DZA,,,
17.27985,1974,3,DZA,,,
20.1242,1974,4,DZA,,,
27.078678,1974,5,DZA,,,
30.481876,1974,6,DZA,,,
31.195736,1974,7,DZA,,,
31.174414,1974,8,DZA,,,
28.435074,1974,9,DZA,,,
21.45192,1974,10,DZA,,,
16.374308,1974,11,DZA,,,
12.237101,1974,12,DZA,,,
11.468123,1975,1,DZA,,,
13.865885,1975,2,DZA,,,
16.830917,1975,3,DZA,,,
21.700853,1975,4,DZA,,,
25.149893,1975,5,DZA,,,
30.113964,1975,6,DZA,,,
32.25245,1975,7,DZA,,,
31.782303,1975,8,DZA,,,
27.621216,1975,9,DZA,,,
22.914179,1975,10,DZA,,,
15.713114,1975,11,DZA,,,
13.880064,1975,12,DZA,,,
10.729637,1976,1,DZA,,,
12.985927,1976,2,DZA,,,
15.463221,1976,3,DZA,,,
20.429745,1976,4,DZA,,,
25.461514,1976,5,DZA,,,
29.93401,1976,6,DZA,,,
32.181343,1976,7,DZA,,,
31.385181,1976,8,DZA,,,
28.174414,1976,9,DZA,,,
22.656929,1976,10,DZA,,,
15.843603,1976,11,DZA,,,
13.818657,1976,12,DZA,,,
13.355543,1977,1,DZA,,,
16.05757,1977,2,DZA,,,
18.696375,1977,3,DZA,,,
22.907356,1977,4,DZA,,,
26.05437,1977,5,DZA,,,
30.334223,1977,6,DZA,,,
32.408745,1977,7,DZA,,,
31.027933,1977,8,DZA,,,
28.016312,1977,9,DZA,,,
23.207249,1977,10,DZA,,,
17.198507,1977,11,DZA,,,
13.875479,1977,12,DZA,,,
12.66887,1978,1,DZA,,,
16.933369,1978,2,DZA,,,
18.464178,1978,3,DZA,,,
21.364073,1978,4,DZA,,,
26.162151,1978,5,DZA,,,
30.076757,1978,6,DZA,,,
31.9758,1978,7,DZA,,,
31.513327,1978,8,DZA,,,
27.914606,1978,9,DZA,,,
22.13742,1978,10,DZA,,,
16.796375,1978,11,DZA,,,
14.976866,1978,12,DZA,,,
15.5987215,1979,1,DZA,,,
15,1979,2,DZA,,,
18.459381,1979,3,DZA,,,
20.848293,1979,4,DZA,,,
26.121536,1979,5,DZA,,,
31.073986,1979,6,DZA,,,
32.62484,1979,7,DZA,,,
32.347866,1979,8,DZA,,,
28.827291,1979,9,DZA,,,
24.150532,1979,10,DZA,,,
16.28966,1979,11,DZA,,,
13.053305,1979,12,DZA,,,
12.925586,1980,1,DZA,,,
15.545735,1980,2,DZA,,,
17.903198,1980,3,DZA,,,
22.41823,1980,4,DZA,,,
25.705225,1980,5,DZA,,,
31.181131,1980,6,DZA,,,
31.857569,1980,7,DZA,,,
32.235607,1980,8,DZA,,,
28.913858,1980,9,DZA,,,
23.10192,1980,10,DZA,,,
17.912685,1980,11,DZA,,,
11.190191,1980,12,DZA,,,
10.147974,1981,1,DZA,,,
14.016525,1981,2,DZA,,,
19.860981,1981,3,DZA,,,
23.003092,1981,4,DZA,,,
26.784967,1981,5,DZA,,,
31.025372,1981,6,DZA,,,
31.778677,1981,7,DZA,,,
31.239872,1981,8,DZA,,,
28.902878,1981,9,DZA,,,
24.33145,1981,10,DZA,,,
17.027079,1981,11,DZA,,,
14.586034,1981,12,DZA,,,
12.655437,1982,1,DZA,,,
14.429851,1982,2,DZA,,,
18.21951,1982,3,DZA,,,
22.458529,1982,4,DZA,,,
26.17921,1982,5,DZA,,,
32.33529,1982,6,DZA,,,
34.127827,1982,7,DZA,,,
31.94776,1982,8,DZA,,,
29.154263,1982,9,DZA,,,
23.316204,1982,10,DZA,,,
16.471855,1982,11,DZA,,,
11.635287,1982,12,DZA,,,
10.739126,1983,1,DZA,,,
14.656183,1983,2,DZA,,,
17.954584,1983,3,DZA,,,
22.973026,1983,4,DZA,,,
27.295202,1983,5,DZA,,,
31.368017,1983,6,DZA,,,
33.16642,1983,7,DZA,,,
32.094353,1983,8,DZA,,,
29.114712,1983,9,DZA,,,
23.085714,1983,10,DZA,,,
19.125374,1983,11,DZA,,,
13.211408,1983,12,DZA,,,
11.670789,1984,1,DZA,,,
13.629744,1984,2,DZA,,,
17.799786,1984,3,DZA,,,
22.965458,1984,4,DZA,,,
25.555225,1984,5,DZA,,,
30.688486,1984,6,DZA,,,
33.150536,1984,7,DZA,,,
32.003304,1984,8,DZA,,,
29.362473,1984,9,DZA,,,
22.371855,1984,10,DZA,,,
17.72836,1984,11,DZA,,,
12.717804,1984,12,DZA,,,
11.515459,1985,1,DZA,,,
16.39307,1985,2,DZA,,,
17.41823,1985,3,DZA,,,
22.034649,1985,4,DZA,,,
25.486462,1985,5,DZA,,,
31.95,1985,6,DZA,,,
32.667377,1985,7,DZA,,,
32.067375,1985,8,DZA,,,
28.569403,1985,9,DZA,,,
23.42921,1985,10,DZA,,,
18.648722,1985,11,DZA,,,
12.65597,1985,12,DZA,,,
11.316631,1986,1,DZA,,,
14.889873,1986,2,DZA,,,
17.246056,1986,3,DZA,,,
22.428677,1986,4,DZA,,,
27.475586,1986,5,DZA,,,
31.00437,1986,6,DZA,,,
32.365456,1986,7,DZA,,,
32.766632,1986,8,DZA,,,
28.908316,1986,9,DZA,,,
23.253412,1986,10,DZA,,,
16.68966,1986,11,DZA,,,
11.813433,1986,12,DZA,,,
12.334009,1987,1,DZA,,,
14.991152,1987,2,DZA,,,
18.455864,1987,3,DZA,,,
22.862793,1987,4,DZA,,,
27.36727,1987,5,DZA,,,
31.138699,1987,6,DZA,,,
33.163857,1987,7,DZA,,,
33.10544,1987,8,DZA,,,
29.68305,1987,9,DZA,,,
24.542324,1987,10,DZA,,,
17.633795,1987,11,DZA,,,
15.057889,1987,12,DZA,,,
12.940938,1988,1,DZA,,,
15.214925,1988,2,DZA,,,
18.467377,1988,3,DZA,,,
23.591898,1988,4,DZA,,,
27.435394,1988,5,DZA,,,
31.129639,1988,6,DZA,,,
32.98305,1988,7,DZA,,,
32.776546,1988,8,DZA,,,
28.63273,1988,9,DZA,,,
24.125267,1988,10,DZA,,,
17.705757,1988,11,DZA,,,
11.146695,1988,12,DZA,,,
11.487527,1989,1,DZA,,,
13.797869,1989,2,DZA,,,
18.473454,1989,3,DZA,,,
21.765245,1989,4,DZA,,,
26.789764,1989,5,DZA,,,
30.84616,1989,6,DZA,,,
32.705223,1989,7,DZA,,,
32.110344,1989,8,DZA,,,
30.30746,1989,9,DZA,,,
24.608103,1989,10,DZA,,,
18.411514,1989,11,DZA,,,
15.531771,1989,12,DZA,,,
12.12516,1990,1,DZA,,,
16.220682,1990,2,DZA,,,
19.115566,1990,3,DZA,,,
22.087101,1990,4,DZA,,,
26.474949,1990,5,DZA,,,
32.153732,1990,6,DZA,,,
32.348186,1990,7,DZA,,,
32.45821,1990,8,DZA,,,
30.887634,1990,9,DZA,,,
25.594563,1990,10,DZA,,,
18.35565,1990,11,DZA,,,
12.90032,1990,12,DZA,,,
10.247762,1991,1,DZA,,,
13.857676,1991,2,DZA,,,
18.10192,1991,3,DZA,,,
21.426973,1991,4,DZA,,,
24.676653,1991,5,DZA,,,
30.967377,1991,6,DZA,,,
32.55085,1991,7,DZA,,,
32.757782,1991,8,DZA,,,
29.501385,1991,9,DZA,,,
23.451174,1991,10,DZA,,,
17.56034,1991,11,DZA,,,
12.406076,1991,12,DZA,,,
10.653837,1992,1,DZA,,,
13.903412,1992,2,DZA,,,
17.158955,1992,3,DZA,,,
21.906929,1992,4,DZA,,,
25.762686,1992,5,DZA,,,
30.045095,1992,6,DZA,,,
31.55,1992,7,DZA,,,
32.03582,1992,8,DZA,,,
29.11322,1992,9,DZA,,,
23.806396,1992,10,DZA,,,
16.770042,1992,11,DZA,,,
13.468229,1992,12,DZA,,,
10.681769,1993,1,DZA,,,
13.958956,1993,2,DZA,,,
18.262686,1993,3,DZA,,,
22.474733,1993,4,DZA,,,
26.604904,1993,5,DZA,,,
31.89307,1993,6,DZA,,,
32.86439,1993,7,DZA,,,
32.475372,1993,8,DZA,,,
28.945843,1993,9,DZA,,,
24.27953,1993,10,DZA,,,
18.196695,1993,11,DZA,,,
13.19904,1993,12,DZA,,,
11.8833685,1994,1,DZA,,,
14.833475,1994,2,DZA,,,
19.14904,1994,3,DZA,,,
21.601278,1994,4,DZA,,,
28.214285,1994,5,DZA,,,
31.543497,1994,6,DZA,,,
33.63987,1994,7,DZA,,,
32.84989,1994,8,DZA,,,
28.261515,1994,9,DZA,,,
23.659382,1994,10,DZA,,,
18.396801,1994,11,DZA,,,
13.485715,1994,12,DZA,,,
10.777719,1995,1,DZA,,,
15.378677,1995,2,DZA,,,
17.919828,1995,3,DZA,,,
21.914606,1995,4,DZA,,,
28.195309,1995,5,DZA,,,
31.346802,1995,6,DZA,,,
32.929317,1995,7,DZA,,,
32.579105,1995,8,DZA,,,
29.259487,1995,9,DZA,,,
23.973026,1995,10,DZA,,,
18.31631,1995,11,DZA,,,
14.9245205,1995,12,DZA,,,
14.142004,1996,1,DZA,,,
14.878145,1996,2,DZA,,,
18.275799,1996,3,DZA,,,
22.357357,1996,4,DZA,,,
26.87196,1996,5,DZA,,,
30.645844,1996,6,DZA,,,
32.58326,1996,7,DZA,,,
32.17068,1996,8,DZA,,,
29.488058,1996,9,DZA,,,
23.324734,1996,10,DZA,,,
17.608742,1996,11,DZA,,,
14.591684,1996,12,DZA,,,
13.777824,1997,1,DZA,,,
15.588167,1997,2,DZA,,,
17.58678,1997,3,DZA,,,
21.957783,1997,4,DZA,,,
27.44254,1997,5,DZA,,,
32.103306,1997,6,DZA,,,
32.873135,1997,7,DZA,,,
31.965672,1997,8,DZA,,,
29.518656,1997,9,DZA,,,
24.401386,1997,10,DZA,,,
18.7371,1997,11,DZA,,,
14.336675,1997,12,DZA,,,
13.223454,1998,1,DZA,,,
15.974733,1998,2,DZA,,,
18.03934,1998,3,DZA,,,
23.849575,1998,4,DZA,,,
27.208317,1998,5,DZA,,,
32.047974,1998,6,DZA,,,
33.89723,1998,7,DZA,,,
32.387848,1998,8,DZA,,,
30.27644,1998,9,DZA,,,
23.678572,1998,10,DZA,,,
17.486994,1998,11,DZA,,,
12.994563,1998,12,DZA,,,
13.029211,1999,1,DZA,,,
12.973134,1999,2,DZA,,,
18.608423,1999,3,DZA,,,
23.223347,1999,4,DZA,,,
28.573349,1999,5,DZA,,,
31.91098,1999,6,DZA,,,
32.926758,1999,7,DZA,,,
32.29499,1999,8,DZA,,,
30.180597,1999,9,DZA,,,
25.621002,1999,10,DZA,,,
17.655651,1999,11,DZA,,,
13.462474,1999,12,DZA,,,
11.657995,2000,1,DZA,,,
14.520256,2000,2,DZA,,,
19.286354,2000,3,DZA,,,
24.168764,2000,4,DZA,,,
28.53241,2000,5,DZA,,,
31.600641,2000,6,DZA,,,
33.334328,2000,7,DZA,,,
32.863327,2000,8,DZA,,,
29.29243,2000,9,DZA,,,
22.683155,2000,10,DZA,,,
18.307781,2000,11,DZA,,,
14.326759,2000,12,DZA,,,
12.966418,2001,1,DZA,,,
15.980597,2001,2,DZA,,,
21.45192,2001,3,DZA,,,
23.118656,2001,4,DZA,,,
27.04563,2001,5,DZA,,,
32.28049,2001,6,DZA,,,
33.55384,2001,7,DZA,,,
32.752876,2001,8,DZA,,,
29.252878,2001,9,DZA,,,
25.613857,2001,10,DZA,,,
18.205437,2001,11,DZA,,,
14.344136,2001,12,DZA,,,
12.628359,2002,1,DZA,,,
14.894882,2002,2,DZA,,,
19.186567,2002,3,DZA,,,
22.739872,2002,4,DZA,,,
26.60352,2002,5,DZA,,,
32.09115,2002,6,DZA,,,
33.410236,2002,7,DZA,,,
31.887848,2002,8,DZA,,,
30.294455,2002,9,DZA,,,
24.502773,2002,10,DZA,,,
18.481983,2002,11,DZA,,,
15.352025,2002,12,DZA,,,
12.4465885,2003,1,DZA,,,
14.465245,2003,2,DZA,,,
18.924946,2003,3,DZA,,,
23.459702,2003,4,DZA,,,
28.487848,2003,5,DZA,,,
32.244244,2003,6,DZA,,,
34.015247,2003,7,DZA,,,
32.95085,2003,8,DZA,,,
30.072815,2003,9,DZA,,,
25.535076,2003,10,DZA,,,
18.602558,2003,11,DZA,,,
13.6554365,2003,12,DZA,,,
12.951706,2004,1,DZA,,,
16.436247,2004,2,DZA,,,
17.697655,2004,3,DZA,,,
23.283049,2004,4,DZA,,,
25.663965,2004,5,DZA,,,
31.408209,2004,6,DZA,,,
32.606716,2004,7,DZA,,,
33.033688,2004,8,DZA,,,
29.070362,2004,9,DZA,,,
26.007252,2004,10,DZA,,,
17.097122,2004,11,DZA,,,
13.95192,2004,12,DZA,,,
10.71258,2005,1,DZA,,,
13.156504,2005,2,DZA,,,
19.2258,2005,3,DZA,,,
24.135395,2005,4,DZA,,,
29.228357,2005,5,DZA,,,
31.863434,2005,6,DZA,,,
33.800426,2005,7,DZA,,,
32.497124,2005,8,DZA,,,
29.671429,2005,9,DZA,,,
25.747974,2005,10,DZA,,,
18.23454,2005,11,DZA,,,
13.3344345,2005,12,DZA,,,
11.418763,2006,1,DZA,,,
14.252452,2006,2,DZA,,,
19.499254,2006,3,DZA,,,
23.731236,2006,4,DZA,,,
28.46674,2006,5,DZA,,,
31.66514,2006,6,DZA,,,
33.96535,2006,7,DZA,,,
32.123028,2006,8,DZA,,,
28.933475,2006,9,DZA,,,
25.444563,2006,10,DZA,,,
18.036354,2006,11,DZA,,,
13.194349,2006,12,DZA,,,
12.896909,2007,1,DZA,,,
16.354158,2007,2,DZA,,,
18.020363,2007,3,DZA,,,
22.45629,2007,4,DZA,,,
27.321003,2007,5,DZA,,,
31.710552,2007,6,DZA,,,
32.945736,2007,7,DZA,,,
32.59147,2007,8,DZA,,,
30.265457,2007,9,DZA,,,
24.847654,2007,10,DZA,,,
17.890831,2007,11,DZA,,,
13.327185,2007,12,DZA,,,
11.643923,2008,1,DZA,,,
14.834009,2008,2,DZA,,,
19.051386,2008,3,DZA,,,
23.66194,2008,4,DZA,,,
27.21727,2008,5,DZA,,,
31.498295,2008,6,DZA,,,
33.541363,2008,7,DZA,,,
32.631767,2008,8,DZA,,,
30.160767,2008,9,DZA,,,
23.847761,2008,10,DZA,,,
16.802345,2008,11,DZA,,,
12.776546,2008,12,DZA,,,
11.770682,2009,1,DZA,,,
15.157888,2009,2,DZA,,,
19.612793,2009,3,DZA,,,
22.374094,2009,4,DZA,,,
27.299042,2009,5,DZA,,,
32.51045,2009,6,DZA,,,
34.640297,2009,7,DZA,,,
33.203625,2009,8,DZA,,,
28.496267,2009,9,DZA,,,
24.807888,2009,10,DZA,,,
18.402452,2009,11,DZA,,,
15.876225,2009,12,DZA,,,
14.283397,2010,1,DZA,,,
17.321253,2010,2,DZA,,,
20.385294,2010,3,DZA,,,
23.502941,2010,4,DZA,,,
27.489185,2010,5,DZA,,,
31.605124,2010,6,DZA,,,
33.62144,2010,7,DZA,,,
32.303795,2010,8,DZA,,,
29.86091,2010,9,DZA,,,
24.442884,2010,10,DZA,,,
18.90797,2010,11,DZA,,,
15.591272,2010,12,DZA,,,
13.84592,2011,1,DZA,,,
14.5706835,2011,2,DZA,,,
19.543262,2011,3,DZA,,,
24.288616,2011,4,DZA,,,
27.100948,2011,5,DZA,,,
31.758633,2011,6,DZA,,,
33.363945,2011,7,DZA,,,
32.63947,2011,8,DZA,,,
30.518122,2011,9,DZA,,,
23.89886,2011,10,DZA,,,
18.560152,2011,11,DZA,,,
13.535673,2011,12,DZA,,,
11.578084,2012,1,DZA,,,
13.247343,2012,2,DZA,,,
17.670967,2012,3,DZA,,,
23.163946,2012,4,DZA,,,
28.460531,2012,5,DZA,,,
32.675713,2012,6,DZA,,,
33.59516,2012,7,DZA,,,
33.23539,2012,8,DZA,,,
29.872675,2012,9,DZA,,,
25.648006,2012,10,DZA,,,
19.558538,2012,11,DZA,,,
14.210246,2012,12,DZA,,,
13.359575,1960,1,EGY,,,
15.534752,1960,2,EGY,,,
18.13239,1960,3,EGY,,,
22.880379,1960,4,EGY,,,
26.576595,1960,5,EGY,,,
28.300472,1960,6,EGY,,,
29.203547,1960,7,EGY,,,
29.160992,1960,8,EGY,,,
27.4974,1960,9,EGY,,,
26.309458,1960,10,EGY,,,
19.783688,1960,11,EGY,,,
18.364775,1960,12,EGY,,,
14.191254,1961,1,EGY,,,
12.564539,1961,2,EGY,,,
15.709692,1961,3,EGY,,,
22.159101,1961,4,EGY,,,
26.035934,1961,5,EGY,,,
30.48085,1961,6,EGY,,,
28.855793,1961,7,EGY,,,
28.917492,1961,8,EGY,,,
25.127659,1961,9,EGY,,,
22.644207,1961,10,EGY,,,
18.202837,1961,11,EGY,,,
14.015839,1961,12,EGY,,,
13.683925,1962,1,EGY,,,
13.897873,1962,2,EGY,,,
20.535934,1962,3,EGY,,,
22.033806,1962,4,EGY,,,
25.939716,1962,5,EGY,,,
29.474468,1962,6,EGY,,,
29.263592,1962,7,EGY,,,
30.292908,1962,8,EGY,,,
27.782034,1962,9,EGY,,,
25.15721,1962,10,EGY,,,
22.31702,1962,11,EGY,,,
14.558156,1962,12,EGY,,,
14.982506,1963,1,EGY,,,
16.527187,1963,2,EGY,,,
17.390308,1963,3,EGY,,,
23.274704,1963,4,EGY,,,
26.37943,1963,5,EGY,,,
29.380142,1963,6,EGY,,,
29.860285,1963,7,EGY,,,
30.09078,1963,8,EGY,,,
28.277542,1963,9,EGY,,,
26.186523,1963,10,EGY,,,
19.290071,1963,11,EGY,,,
15.239244,1963,12,EGY,,,
12.044444,1964,1,EGY,,,
13.793144,1964,2,EGY,,,
18.727423,1964,3,EGY,,,
22.343735,1964,4,EGY,,,
24.7539,1964,5,EGY,,,
28.40118,1964,6,EGY,,,
28.586996,1964,7,EGY,,,
29.081562,1964,8,EGY,,,
25.910639,1964,9,EGY,,,
24.067848,1964,10,EGY,,,
18.573286,1964,11,EGY,,,
14.923167,1964,12,EGY,,,
13.665248,1965,1,EGY,,,
15.304019,1965,2,EGY,,,
18.715603,1965,3,EGY,,,
21.441608,1965,4,EGY,,,
24.535934,1965,5,EGY,,,
29.08818,1965,6,EGY,,,
29.534515,1965,7,EGY,,,
29.307093,1965,8,EGY,,,
27.323643,1965,9,EGY,,,
23.29338,1965,10,EGY,,,
18.039715,1965,11,EGY,,,
13.936643,1965,12,EGY,,,
13.394564,1966,1,EGY,,,
14.637352,1966,2,EGY,,,
17.398344,1966,3,EGY,,,
22.728605,1966,4,EGY,,,
26.469738,1966,5,EGY,,,
29.053665,1966,6,EGY,,,
29.133097,1966,7,EGY,,,
29.343027,1966,8,EGY,,,
27.431915,1966,9,EGY,,,
25.433332,1966,10,EGY,,,
21.581797,1966,11,EGY,,,
14.379196,1966,12,EGY,,,
12.048464,1967,1,EGY,,,
14.264775,1967,2,EGY,,,
15.391489,1967,3,EGY,,,
22.284634,1967,4,EGY,,,
25.42837,1967,5,EGY,,,
28.581562,1967,6,EGY,,,
28.635223,1967,7,EGY,,,
29.060993,1967,8,EGY,,,
26.80331,1967,9,EGY,,,
23.233334,1967,10,EGY,,,
17.834751,1967,11,EGY,,,
14.95461,1967,12,EGY,,,
12.777778,1968,1,EGY,,,
14.591253,1968,2,EGY,,,
17.059101,1968,3,EGY,,,
21.708982,1968,4,EGY,,,
26.602839,1968,5,EGY,,,
30.125057,1968,6,EGY,,,
29.62293,1968,7,EGY,,,
29.339954,1968,8,EGY,,,
27.342789,1968,9,EGY,,,
22.71584,1968,10,EGY,,,
18.520094,1968,11,EGY,,,
14.677305,1968,12,EGY,,,
12.264067,1969,1,EGY,,,
17.297873,1969,2,EGY,,,
21.069977,1969,3,EGY,,,
21.369503,1969,4,EGY,,,
25.883215,1969,5,EGY,,,
29.615366,1969,6,EGY,,,
28.013239,1969,7,EGY,,,
29.152008,1969,8,EGY,,,
29.09669,1969,9,EGY,,,
25.466904,1969,10,EGY,,,
19.606855,1969,11,EGY,,,
15.178723,1969,12,EGY,,,
14.680615,1970,1,EGY,,,
15.613238,1970,2,EGY,,,
18.216076,1970,3,EGY,,,
22.799763,1970,4,EGY,,,
26.585342,1970,5,EGY,,,
27.493382,1970,6,EGY,,,
28.784634,1970,7,EGY,,,
29.035934,1970,8,EGY,,,
27.165485,1970,9,EGY,,,
22.99007,1970,10,EGY,,,
18.630497,1970,11,EGY,,,
13.486052,1970,12,EGY,,,
15.078486,1971,1,EGY,,,
14.822931,1971,2,EGY,,,
19.036879,1971,3,EGY,,,
20.884632,1971,4,EGY,,,
26.997162,1971,5,EGY,,,
28.225769,1971,6,EGY,,,
28.106384,1971,7,EGY,,,
28.999527,1971,8,EGY,,,
27.079905,1971,9,EGY,,,
23.110874,1971,10,EGY,,,
18.088888,1971,11,EGY,,,
13.837588,1971,12,EGY,,,
12.894564,1972,1,EGY,,,
14.22955,1972,2,EGY,,,
17.625769,1972,3,EGY,,,
22.960756,1972,4,EGY,,,
26.109692,1972,5,EGY,,,
27.971157,1972,6,EGY,,,
28.713947,1972,7,EGY,,,
29.535223,1972,8,EGY,,,
28.471395,1972,9,EGY,,,
25.05272,1972,10,EGY,,,
18.290071,1972,11,EGY,,,
14.073996,1972,12,EGY,,,
13.221041,1973,1,EGY,,,
16.657919,1973,2,EGY,,,
17.336407,1973,3,EGY,,,
22.011112,1973,4,EGY,,,
25.78416,1973,5,EGY,,,
28.406384,1973,6,EGY,,,
29.716549,1973,7,EGY,,,
28.395035,1973,8,EGY,,,
27.032389,1973,9,EGY,,,
24.72435,1973,10,EGY,,,
17.098818,1973,11,EGY,,,
15.078013,1973,12,EGY,,,
12.065485,1974,1,EGY,,,
14.719385,1974,2,EGY,,,
18.652483,1974,3,EGY,,,
23.465721,1974,4,EGY,,,
25.107328,1974,5,EGY,,,
28.085815,1974,6,EGY,,,
28.893143,1974,7,EGY,,,
28.600946,1974,8,EGY,,,
27.089834,1974,9,EGY,,,
25.307566,1974,10,EGY,,,
18.694326,1974,11,EGY,,,
13.456265,1974,12,EGY,,,
12.11844,1975,1,EGY,,,
14.692434,1975,2,EGY,,,
17.933805,1975,3,EGY,,,
23.478487,1975,4,EGY,,,
25.866192,1975,5,EGY,,,
28.087234,1975,6,EGY,,,
29.083923,1975,7,EGY,,,
28.454845,1975,8,EGY,,,
26.940899,1975,9,EGY,,,
24.05461,1975,10,EGY,,,
18.983688,1975,11,EGY,,,
14.2948,1975,12,EGY,,,
12.352718,1976,1,EGY,,,
13.389598,1976,2,EGY,,,
17.813711,1976,3,EGY,,,
22.281322,1976,4,EGY,,,
26.395746,1976,5,EGY,,,
28.066666,1976,6,EGY,,,
28.51182,1976,7,EGY,,,
28.134281,1976,8,EGY,,,
27.553665,1976,9,EGY,,,
25.595509,1976,10,EGY,,,
19.883924,1976,11,EGY,,,
15.438298,1976,12,EGY,,,
13.240189,1977,1,EGY,,,
16.64539,1977,2,EGY,,,
16.62364,1977,3,EGY,,,
21.039715,1977,4,EGY,,,
26.595272,1977,5,EGY,,,
29.204493,1977,6,EGY,,,
29.668558,1977,7,EGY,,,
29.762884,1977,8,EGY,,,
27.128368,1977,9,EGY,,,
22.684399,1977,10,EGY,,,
18.892672,1977,11,EGY,,,
13.175413,1977,12,EGY,,,
12.793144,1978,1,EGY,,,
16.113476,1978,2,EGY,,,
18.102127,1978,3,EGY,,,
23.251537,1978,4,EGY,,,
28.087234,1978,5,EGY,,,
28.633097,1978,6,EGY,,,
29.783924,1978,7,EGY,,,
27.952953,1978,8,EGY,,,
26.922459,1978,9,EGY,,,
25.214893,1978,10,EGY,,,
16.751774,1978,11,EGY,,,
14.857683,1978,12,EGY,,,
13.728369,1979,1,EGY,,,
17.228605,1979,2,EGY,,,
19.586052,1979,3,EGY,,,
23.796926,1979,4,EGY,,,
26.434515,1979,5,EGY,,,
29.964539,1979,6,EGY,,,
29.441372,1979,7,EGY,,,
29.37045,1979,8,EGY,,,
27.499527,1979,9,EGY,,,
24.982033,1979,10,EGY,,,
20.210402,1979,11,EGY,,,
13.323404,1979,12,EGY,,,
13.0290785,1980,1,EGY,,,
13.915131,1980,2,EGY,,,
18.52955,1980,3,EGY,,,
22.741371,1980,4,EGY,,,
27.478724,1980,5,EGY,,,
29.077068,1980,6,EGY,,,
29.842554,1980,7,EGY,,,
29.553192,1980,8,EGY,,,
26.80331,1980,9,EGY,,,
24.935225,1980,10,EGY,,,
20.113712,1980,11,EGY,,,
14.657446,1980,12,EGY,,,
11.173522,1981,1,EGY,,,
14.169031,1981,2,EGY,,,
18.780615,1981,3,EGY,,,
23.568558,1981,4,EGY,,,
26.137827,1981,5,EGY,,,
29.286053,1981,6,EGY,,,
29.570923,1981,7,EGY,,,
29.365484,1981,8,EGY,,,
27.173285,1981,9,EGY,,,
25.759573,1981,10,EGY,,,
16.998344,1981,11,EGY,,,
15.157209,1981,12,EGY,,,
14.49811,1982,1,EGY,,,
13.196691,1982,2,EGY,,,
16.288652,1982,3,EGY,,,
23.36974,1982,4,EGY,,,
25.0513,1982,5,EGY,,,
28.298819,1982,6,EGY,,,
28.660992,1982,7,EGY,,,
29.346573,1982,8,EGY,,,
27.597635,1982,9,EGY,,,
25.3,1982,10,EGY,,,
16.923641,1982,11,EGY,,,
13.308039,1982,12,EGY,,,
10.785107,1983,1,EGY,,,
13.175177,1983,2,EGY,,,
15.490308,1983,3,EGY,,,
20.925297,1983,4,EGY,,,
26.557684,1983,5,EGY,,,
28.715366,1983,6,EGY,,,
29.673285,1983,7,EGY,,,
28.912292,1983,8,EGY,,,
27.06903,1983,9,EGY,,,
22.658392,1983,10,EGY,,,
19.681797,1983,11,EGY,,,
14.886762,1983,12,EGY,,,
12.921041,1984,1,EGY,,,
15.516312,1984,2,EGY,,,
18.82435,1984,3,EGY,,,
22.31513,1984,4,EGY,,,
28.393143,1984,5,EGY,,,
27.722223,1984,6,EGY,,,
28.271631,1984,7,EGY,,,
28.020569,1984,8,EGY,,,
27.898108,1984,9,EGY,,,
24.962412,1984,10,EGY,,,
18.45934,1984,11,EGY,,,
14.75532,1984,12,EGY,,,
15.809219,1985,1,EGY,,,
14.468794,1985,2,EGY,,,
19.19598,1985,3,EGY,,,
22.522457,1985,4,EGY,,,
27.632624,1985,5,EGY,,,
29.569504,1985,6,EGY,,,
28.775885,1985,7,EGY,,,
29.609692,1985,8,EGY,,,
27.085342,1985,9,EGY,,,
22.544682,1985,10,EGY,,,
20.006145,1985,11,EGY,,,
15.588888,1985,12,EGY,,,
13.692434,1986,1,EGY,,,
16.485106,1986,2,EGY,,,
19.37896,1986,3,EGY,,,
22.97967,1986,4,EGY,,,
24.089361,1986,5,EGY,,,
29.278723,1986,6,EGY,,,
29.81182,1986,7,EGY,,,
29.707327,1986,8,EGY,,,
28.836643,1986,9,EGY,,,
23.73428,1986,10,EGY,,,
17.81773,1986,11,EGY,,,
12.824587,1986,12,EGY,,,
13.716548,1987,1,EGY,,,
16.22435,1987,2,EGY,,,
17.306147,1987,3,EGY,,,
20.443735,1987,4,EGY,,,
26.74728,1987,5,EGY,,,
28.507801,1987,6,EGY,,,
29.998108,1987,7,EGY,,,
30.211819,1987,8,EGY,,,
27.7104,1987,9,EGY,,,
23.474941,1987,10,EGY,,,
18.706856,1987,11,EGY,,,
15.194799,1987,12,EGY,,,
13.669977,1988,1,EGY,,,
14.933569,1988,2,EGY,,,
18.412529,1988,3,EGY,,,
23.323404,1988,4,EGY,,,
28.175884,1988,5,EGY,,,
30.204254,1988,6,EGY,,,
30.724115,1988,7,EGY,,,
30.23877,1988,8,EGY,,,
28.351538,1988,9,EGY,,,
22.779669,1988,10,EGY,,,
17.288652,1988,11,EGY,,,
14.519384,1988,12,EGY,,,
11.120331,1989,1,EGY,,,
12.944445,1989,2,EGY,,,
17.49811,1989,3,EGY,,,
24.461939,1989,4,EGY,,,
27.27825,1989,5,EGY,,,
29.286997,1989,6,EGY,,,
29.564777,1989,7,EGY,,,
29.86761,1989,8,EGY,,,
28.564304,1989,9,EGY,,,
23.723404,1989,10,EGY,,,
18.446808,1989,11,EGY,,,
14.37234,1989,12,EGY,,,
13.715131,1990,1,EGY,,,
13.873523,1990,2,EGY,,,
16.826477,1990,3,EGY,,,
23.88747,1990,4,EGY,,,
26.1461,1990,5,EGY,,,
28.464304,1990,6,EGY,,,
29.435461,1990,7,EGY,,,
28.559101,1990,8,EGY,,,
27.008038,1990,9,EGY,,,
24.82955,1990,10,EGY,,,
21.39598,1990,11,EGY,,,
17.29338,1990,12,EGY,,,
13.126241,1991,1,EGY,,,
15.649882,1991,2,EGY,,,
19.334278,1991,3,EGY,,,
24.499763,1991,4,EGY,,,
27.1409,1991,5,EGY,,,
28.88889,1991,6,EGY,,,
29.253428,1991,7,EGY,,,
29.127895,1991,8,EGY,,,
27.119385,1991,9,EGY,,,
25.249409,1991,10,EGY,,,
19.270687,1991,11,EGY,,,
13.256973,1991,12,EGY,,,
12.437116,1992,1,EGY,,,
12.041135,1992,2,EGY,,,
17.13097,1992,3,EGY,,,
21.242554,1992,4,EGY,,,
25.601654,1992,5,EGY,,,
28.726242,1992,6,EGY,,,
29.182507,1992,7,EGY,,,
30.476831,1992,8,EGY,,,
26.478489,1992,9,EGY,,,
25.484869,1992,10,EGY,,,
19.12695,1992,11,EGY,,,
13.60071,1992,12,EGY,,,
12.762884,1993,1,EGY,,,
13.631206,1993,2,EGY,,,
17.5461,1993,3,EGY,,,
23.043026,1993,4,EGY,,,
25.3026,1993,5,EGY,,,
28.991726,1993,6,EGY,,,
29.302837,1993,7,EGY,,,
30.10402,1993,8,EGY,,,
28.017965,1993,9,EGY,,,
26.508274,1993,10,EGY,,,
21.060757,1993,11,EGY,,,
16.828842,1993,12,EGY,,,
15.173759,1994,1,EGY,,,
14.435461,1994,2,EGY,,,
17.603546,1994,3,EGY,,,
24.140425,1994,4,EGY,,,
27.208273,1994,5,EGY,,,
28.324585,1994,6,EGY,,,
29.26572,1994,7,EGY,,,
30.221039,1994,8,EGY,,,
28.33215,1994,9,EGY,,,
26.730734,1994,10,EGY,,,
18.440662,1994,11,EGY,,,
13.058866,1994,12,EGY,,,
13.619858,1995,1,EGY,,,
15.259338,1995,2,EGY,,,
18.763357,1995,3,EGY,,,
22.18558,1995,4,EGY,,,
26.072577,1995,5,EGY,,,
31.180851,1995,6,EGY,,,
30.249645,1995,7,EGY,,,
30.455318,1995,8,EGY,,,
29.031677,1995,9,EGY,,,
24.813002,1995,10,EGY,,,
17.413239,1995,11,EGY,,,
14.517494,1995,12,EGY,,,
14.47896,1996,1,EGY,,,
15.973287,1996,2,EGY,,,
18.592197,1996,3,EGY,,,
21.718204,1996,4,EGY,,,
28.072577,1996,5,EGY,,,
28.729076,1996,6,EGY,,,
30.06312,1996,7,EGY,,,
30.274942,1996,8,EGY,,,
29.68487,1996,9,EGY,,,
24.294563,1996,10,EGY,,,
18.52955,1996,11,EGY,,,
15.350591,1996,12,EGY,,,
14.949646,1997,1,EGY,,,
13.089598,1997,2,EGY,,,
16.572104,1997,3,EGY,,,
21.586761,1997,4,EGY,,,
26.871868,1997,5,EGY,,,
29.819149,1997,6,EGY,,,
30.67423,1997,7,EGY,,,
29.895746,1997,8,EGY,,,
27.804966,1997,9,EGY,,,
24.873524,1997,10,EGY,,,
19.821987,1997,11,EGY,,,
14.613711,1997,12,EGY,,,
14.122223,1998,1,EGY,,,
15.480143,1998,2,EGY,,,
16.70591,1998,3,EGY,,,
24.57092,1998,4,EGY,,,
27.145153,1998,5,EGY,,,
28.871868,1998,6,EGY,,,
30.493616,1998,7,EGY,,,
31.126003,1998,8,EGY,,,
28.677542,1998,9,EGY,,,
24.024822,1998,10,EGY,,,
20.792671,1998,11,EGY,,,
15.563121,1998,12,EGY,,,
14.47967,1999,1,EGY,,,
16.356503,1999,2,EGY,,,
18.49669,1999,3,EGY,,,
22.014421,1999,4,EGY,,,
27.819859,1999,5,EGY,,,
29.043262,1999,6,EGY,,,
30.453426,1999,7,EGY,,,
29.243027,1999,8,EGY,,,
28.589361,1999,9,EGY,,,
25.473286,1999,10,EGY,,,
19.977777,1999,11,EGY,,,
15.321986,1999,12,EGY,,,
13.216075,2000,1,EGY,,,
13.901419,2000,2,EGY,,,
17.180141,2000,3,EGY,,,
24.113949,2000,4,EGY,,,
27.117966,2000,5,EGY,,,
29.020569,2000,6,EGY,,,
31.199055,2000,7,EGY,,,
30.115839,2000,8,EGY,,,
28.258392,2000,9,EGY,,,
23.74657,2000,10,EGY,,,
19.690308,2000,11,EGY,,,
15.130969,2000,12,EGY,,,
14.204493,2001,1,EGY,,,
15.305201,2001,2,EGY,,,
20.924114,2001,3,EGY,,,
23.689598,2001,4,EGY,,,
27.046574,2001,5,EGY,,,
28.803074,2001,6,EGY,,,
29.808273,2001,7,EGY,,,
30.917492,2001,8,EGY,,,
29.017258,2001,9,EGY,,,
24.289835,2001,10,EGY,,,
18.99669,2001,11,EGY,,,
14.467848,2001,12,EGY,,,
12.034279,2002,1,EGY,,,
16.326714,2002,2,EGY,,,
19.391726,2002,3,EGY,,,
22.92033,2002,4,EGY,,,
26.752481,2002,5,EGY,,,
29.001892,2002,6,EGY,,,
31.803782,2002,7,EGY,,,
31.249409,2002,8,EGY,,,
29.828604,2002,9,EGY,,,
25.27636,2002,10,EGY,,,
20.312292,2002,11,EGY,,,
15.106855,2002,12,EGY,,,
15.316785,2003,1,EGY,,,
14.095981,2003,2,EGY,,,
16.3461,2003,3,EGY,,,
23.177542,2003,4,EGY,,,
28.26123,2003,5,EGY,,,
30.055792,2003,6,EGY,,,
30.562647,2003,7,EGY,,,
30.845154,2003,8,EGY,,,
28.455555,2003,9,EGY,,,
25.969503,2003,10,EGY,,,
20.101656,2003,11,EGY,,,
14.647517,2003,12,EGY,,,
13.8408985,2004,1,EGY,,,
15.686289,2004,2,EGY,,,
19.482506,2004,3,EGY,,,
22.92104,2004,4,EGY,,,
28.162174,2004,5,EGY,,,
29.240662,2004,6,EGY,,,
30.688654,2004,7,EGY,,,
30.188889,2004,8,EGY,,,
28.013947,2004,9,EGY,,,
25.648935,2004,10,EGY,,,
19.812057,2004,11,EGY,,,
14.929079,2004,12,EGY,,,
13.776123,2005,1,EGY,,,
16.45201,2005,2,EGY,,,
19.08227,2005,3,EGY,,,
22.679905,2005,4,EGY,,,
26.607092,2005,5,EGY,,,
29.376831,2005,6,EGY,,,
30.465958,2005,7,EGY,,,
30.981323,2005,8,EGY,,,
28.882269,2005,9,EGY,,,
24.768795,2005,10,EGY,,,
18.79858,2005,11,EGY,,,
16.750591,2005,12,EGY,,,
14.517967,2006,1,EGY,,,
16.384632,2006,2,EGY,,,
19.039715,2006,3,EGY,,,
22.963829,2006,4,EGY,,,
26.851065,2006,5,EGY,,,
30.072811,2006,6,EGY,,,
30.08227,2006,7,EGY,,,
31.082977,2006,8,EGY,,,
28.86785,2006,9,EGY,,,
25.011822,2006,10,EGY,,,
17.97707,2006,11,EGY,,,
13.941371,2006,12,EGY,,,
13.345154,2007,1,EGY,,,
15.663358,2007,2,EGY,,,
18.796217,2007,3,EGY,,,
23.15201,2007,4,EGY,,,
28.11915,2007,5,EGY,,,
30.045155,2007,6,EGY,,,
30.910639,2007,7,EGY,,,
30.952007,2007,8,EGY,,,
27.841135,2007,9,EGY,,,
25.859573,2007,10,EGY,,,
20.253193,2007,11,EGY,,,
15.12766,2007,12,EGY,,,
12.349409,2008,1,EGY,,,
14.320331,2008,2,EGY,,,
21.3052,2008,3,EGY,,,
24.088652,2008,4,EGY,,,
27.37447,2008,5,EGY,,,
31.121038,2008,6,EGY,,,
30.762646,2008,7,EGY,,,
31.241135,2008,8,EGY,,,
29.656265,2008,9,EGY,,,
24.719385,2008,10,EGY,,,
20.730968,2008,11,EGY,,,
16.779432,2008,12,EGY,,,
15.439244,2009,1,EGY,,,
16.55272,2009,2,EGY,,,
17.860048,2009,3,EGY,,,
24.417257,2009,4,EGY,,,
26.19669,2009,5,EGY,,,
30.466665,2009,6,EGY,,,
31.187943,2009,7,EGY,,,
30.517492,2009,8,EGY,,,
29.267849,2009,9,EGY,,,
26.465958,2009,10,EGY,,,
19.709929,2009,11,EGY,,,
16.226004,2009,12,EGY,,,
16.436775,2010,1,EGY,,,
18.947607,2010,2,EGY,,,
21.13728,2010,3,EGY,,,
23.992695,2010,4,EGY,,,
27.764988,2010,5,EGY,,,
30.95995,2010,6,EGY,,,
31.173803,2010,7,EGY,,,
32.645844,2010,8,EGY,,,
29.502518,2010,9,EGY,,,
27.501764,2010,10,EGY,,,
22.317884,2010,11,EGY,,,
16.59597,2010,12,EGY,,,
14.646599,2011,1,EGY,,,
16.887154,2011,2,EGY,,,
18.257683,2011,3,EGY,,,
22.515617,2011,4,EGY,,,
26.834759,2011,5,EGY,,,
29.796978,2011,6,EGY,,,
31.079092,2011,7,EGY,,,
30.516876,2011,8,EGY,,,
28.474812,2011,9,EGY,,,
24.73728,2011,10,EGY,,,
17.300503,2011,11,EGY,,,
14.48262,2011,12,EGY,,,
12.524937,2012,1,EGY,,,
15.246599,2012,2,EGY,,,
17.209824,2012,3,EGY,,,
24.153652,2012,4,EGY,,,
28.061209,2012,5,EGY,,,
30.633503,2012,6,EGY,,,
31.544582,2012,7,EGY,,,
31.118387,2012,8,EGY,,,
28.604786,2012,9,EGY,,,
26.403778,2012,10,EGY,,,
21.166752,2012,11,EGY,,,
15.460958,2012,12,EGY,,,
24.687748,1960,1,NGA,,,
26.93248,1960,2,NGA,,,
28.891453,1960,3,NGA,,,
29.730768,1960,4,NGA,,,
28.535328,1960,5,NGA,,,
27.431625,1960,6,NGA,,,
25.373789,1960,7,NGA,,,
25.859543,1960,8,NGA,,,
25.893162,1960,9,NGA,,,
26.885471,1960,10,NGA,,,
25.549288,1960,11,NGA,,,
26.554987,1960,12,NGA,,,
25.127066,1961,1,NGA,,,
25.363533,1961,2,NGA,,,
28.11909,1961,3,NGA,,,
29.662964,1961,4,NGA,,,
28.853561,1961,5,NGA,,,
27.34017,1961,6,NGA,,,
25.07322,1961,7,NGA,,,
25.793732,1961,8,NGA,,,
25.539316,1961,9,NGA,,,
26.606268,1961,10,NGA,,,
25.11624,1961,11,NGA,,,
23.19886,1961,12,NGA,,,
23.82678,1962,1,NGA,,,
26.927067,1962,2,NGA,,,
29.33789,1962,3,NGA,,,
29.782337,1962,4,NGA,,,
28.600285,1962,5,NGA,,,
26.714245,1962,6,NGA,,,
25.79772,1962,7,NGA,,,
24.745014,1962,8,NGA,,,
25.669516,1962,9,NGA,,,
26.873789,1962,10,NGA,,,
26.899715,1962,11,NGA,,,
25.609116,1962,12,NGA,,,
25.346724,1963,1,NGA,,,
28.637323,1963,2,NGA,,,
28.22108,1963,3,NGA,,,
29.635614,1963,4,NGA,,,
29.10171,1963,5,NGA,,,
27.935328,1963,6,NGA,,,
26.161823,1963,7,NGA,,,
25.613958,1963,8,NGA,,,
26.696583,1963,9,NGA,,,
26.886326,1963,10,NGA,,,
25.511395,1963,11,NGA,,,
25.243021,1963,12,NGA,,,
25.099714,1964,1,NGA,,,
26.510258,1964,2,NGA,,,
29.472363,1964,3,NGA,,,
30.402279,1964,4,NGA,,,
28.782053,1964,5,NGA,,,
26.9,1964,6,NGA,,,
25.505413,1964,7,NGA,,,
24.353275,1964,8,NGA,,,
25.350428,1964,9,NGA,,,
26.281765,1964,10,NGA,,,
25.2849,1964,11,NGA,,,
24.880627,1964,12,NGA,,,
25.446438,1965,1,NGA,,,
26.97379,1965,2,NGA,,,
28.345867,1965,3,NGA,,,
29.32735,1965,4,NGA,,,
28.892878,1965,5,NGA,,,
26.90997,1965,6,NGA,,,
25.935898,1965,7,NGA,,,
24.959545,1965,8,NGA,,,
25.986324,1965,9,NGA,,,
26.628204,1965,10,NGA,,,
25.231909,1965,11,NGA,,,
24.262394,1965,12,NGA,,,
25.101994,1966,1,NGA,,,
26.10997,1966,2,NGA,,,
28.964102,1966,3,NGA,,,
29.6547,1966,4,NGA,,,
28.459259,1966,5,NGA,,,
26.977777,1966,6,NGA,,,
26.803417,1966,7,NGA,,,
25.623362,1966,8,NGA,,,
25.664103,1966,9,NGA,,,
26.505413,1966,10,NGA,,,
25.81282,1966,11,NGA,,,
24.67265,1966,12,NGA,,,
23.622223,1967,1,NGA,,,
27.16809,1967,2,NGA,,,
28.435328,1967,3,NGA,,,
30.019089,1967,4,NGA,,,
28.765812,1967,5,NGA,,,
27.162964,1967,6,NGA,,,
25.67493,1967,7,NGA,,,
24.976923,1967,8,NGA,,,
25.30342,1967,9,NGA,,,
25.984615,1967,10,NGA,,,
25.200285,1967,11,NGA,,,
25.649002,1967,12,NGA,,,
24.047579,1968,1,NGA,,,
26.775213,1968,2,NGA,,,
28.846155,1968,3,NGA,,,
28.91738,1968,4,NGA,,,
28.16154,1968,5,NGA,,,
26.615383,1968,6,NGA,,,
25.55413,1968,7,NGA,,,
26.352137,1968,8,NGA,,,
26.398006,1968,9,NGA,,,
27.192877,1968,10,NGA,,,
25.988605,1968,11,NGA,,,
25.550997,1968,12,NGA,,,
24.520798,1969,1,NGA,,,
28.097149,1969,2,NGA,,,
30.213104,1969,3,NGA,,,
30.779774,1969,4,NGA,,,
29.370941,1969,5,NGA,,,
27.838745,1969,6,NGA,,,
26.004272,1969,7,NGA,,,
25.773504,1969,8,NGA,,,
26.024786,1969,9,NGA,,,
26.966381,1969,10,NGA,,,
25.876923,1969,11,NGA,,,
25.895441,1969,12,NGA,,,
25.54245,1970,1,NGA,,,
26.825642,1970,2,NGA,,,
28.816809,1970,3,NGA,,,
30.223362,1970,4,NGA,,,
29.095158,1970,5,NGA,,,
27.950428,1970,6,NGA,,,
26.14416,1970,7,NGA,,,
25.45641,1970,8,NGA,,,
25.713104,1970,9,NGA,,,
26.519943,1970,10,NGA,,,
25.953846,1970,11,NGA,,,
24.186039,1970,12,NGA,,,
23.725355,1971,1,NGA,,,
26.884045,1971,2,NGA,,,
29.8453,1971,3,NGA,,,
29.416239,1971,4,NGA,,,
28.823648,1971,5,NGA,,,
27.322224,1971,6,NGA,,,
25.753845,1971,7,NGA,,,
24.449574,1971,8,NGA,,,
25.203989,1971,9,NGA,,,
26.127066,1971,10,NGA,,,
25.310541,1971,11,NGA,,,
24.083477,1971,12,NGA,,,
24.714529,1972,1,NGA,,,
27.235897,1972,2,NGA,,,
29.292877,1972,3,NGA,,,
29.41282,1972,4,NGA,,,
28.692022,1972,5,NGA,,,
26.50228,1972,6,NGA,,,
26.674643,1972,7,NGA,,,
26.54188,1972,8,NGA,,,
26.534473,1972,9,NGA,,,
27.12507,1972,10,NGA,,,
25.232193,1972,11,NGA,,,
25.052422,1972,12,NGA,,,
25.753277,1973,1,NGA,,,
28.224216,1973,2,NGA,,,
29.216238,1973,3,NGA,,,
30.22507,1973,4,NGA,,,
29.143305,1973,5,NGA,,,
28.048717,1973,6,NGA,,,
26.803417,1973,7,NGA,,,
25.569801,1973,8,NGA,,,
26.249002,1973,9,NGA,,,
27.05812,1973,10,NGA,,,
25.080627,1973,11,NGA,,,
25.305128,1973,12,NGA,,,
23.9604,1974,1,NGA,,,
26.329914,1974,2,NGA,,,
28.961254,1974,3,NGA,,,
29.915384,1974,4,NGA,,,
28.470087,1974,5,NGA,,,
27.594303,1974,6,NGA,,,
25.12849,1974,7,NGA,,,
24.976068,1974,8,NGA,,,
25.139032,1974,9,NGA,,,
26.16211,1974,10,NGA,,,
25.4151,1974,11,NGA,,,
23.204844,1974,12,NGA,,,
22.958118,1975,1,NGA,,,
26.27322,1975,2,NGA,,,
28.832764,1975,3,NGA,,,
29.59373,1975,4,NGA,,,
28.527065,1975,5,NGA,,,
27.043589,1975,6,NGA,,,
25.318518,1975,7,NGA,,,
24.494303,1975,8,NGA,,,
25.234188,1975,9,NGA,,,
26.19772,1975,10,NGA,,,
25.968662,1975,11,NGA,,,
24.190884,1975,12,NGA,,,
24.252136,1976,1,NGA,,,
26.790314,1976,2,NGA,,,
28.366953,1976,3,NGA,,,
29.3302,1976,4,NGA,,,
28.450998,1976,5,NGA,,,
26.62678,1976,6,NGA,,,
25.540741,1976,7,NGA,,,
24.876068,1976,8,NGA,,,
25.64188,1976,9,NGA,,,
26.45983,1976,10,NGA,,,
25.486324,1976,11,NGA,,,
24.833332,1976,12,NGA,,,
24.837038,1977,1,NGA,,,
26.203135,1977,2,NGA,,,
28.358974,1977,3,NGA,,,
29.905981,1977,4,NGA,,,
29.223362,1977,5,NGA,,,
27.368662,1977,6,NGA,,,
26.11111,1977,7,NGA,,,
24.664387,1977,8,NGA,,,
25.88091,1977,9,NGA,,,
26.466381,1977,10,NGA,,,
25.240456,1977,11,NGA,,,
23.65983,1977,12,NGA,,,
24.523932,1978,1,NGA,,,
27.419373,1978,2,NGA,,,
29.066381,1978,3,NGA,,,
29.247293,1978,4,NGA,,,
28.720514,1978,5,NGA,,,
26.662678,1978,6,NGA,,,
24.933332,1978,7,NGA,,,
25.164387,1978,8,NGA,,,
25.648148,1978,9,NGA,,,
26.667807,1978,10,NGA,,,
25.490597,1978,11,NGA,,,
24.800285,1978,12,NGA,,,
25.32906,1979,1,NGA,,,
27.44017,1979,2,NGA,,,
29.73248,1979,3,NGA,,,
29.548435,1979,4,NGA,,,
28.849857,1979,5,NGA,,,
26.861822,1979,6,NGA,,,
25.859829,1979,7,NGA,,,
25.313107,1979,8,NGA,,,
26.217947,1979,9,NGA,,,
27.214529,1979,10,NGA,,,
26.90997,1979,11,NGA,,,
23.924217,1979,12,NGA,,,
25.661823,1980,1,NGA,,,
27.215672,1980,2,NGA,,,
29.205698,1980,3,NGA,,,
30.191452,1980,4,NGA,,,
29.007694,1980,5,NGA,,,
27.13789,1980,6,NGA,,,
25.576923,1980,7,NGA,,,
25.148718,1980,8,NGA,,,
26.45812,1980,9,NGA,,,
27.015955,1980,10,NGA,,,
26.380627,1980,11,NGA,,,
23.513105,1980,12,NGA,,,
23.185184,1981,1,NGA,,,
27.12735,1981,2,NGA,,,
29.417093,1981,3,NGA,,,
30.173788,1981,4,NGA,,,
28.969233,1981,5,NGA,,,
27.581766,1981,6,NGA,,,
25.364101,1981,7,NGA,,,
25.755554,1981,8,NGA,,,
26.280056,1981,9,NGA,,,
27.04473,1981,10,NGA,,,
25.343304,1981,11,NGA,,,
25.07322,1981,12,NGA,,,
24.973505,1982,1,NGA,,,
26.343304,1982,2,NGA,,,
29.071508,1982,3,NGA,,,
30.480341,1982,4,NGA,,,
29.43248,1982,5,NGA,,,
27.713959,1982,6,NGA,,,
25.998291,1982,7,NGA,,,
25.135612,1982,8,NGA,,,
26.29715,1982,9,NGA,,,
27.033335,1982,10,NGA,,,
25.064672,1982,11,NGA,,,
24.776922,1982,12,NGA,,,
22.296581,1983,1,NGA,,,
27.818233,1983,2,NGA,,,
28.434189,1983,3,NGA,,,
30.737606,1983,4,NGA,,,
30.205128,1983,5,NGA,,,
27.724216,1983,6,NGA,,,
26.380627,1983,7,NGA,,,
26.033047,1983,8,NGA,,,
26.438461,1983,9,NGA,,,
27.253277,1983,10,NGA,,,
26.19772,1983,11,NGA,,,
25.10342,1983,12,NGA,,,
24.266382,1984,1,NGA,,,
27.031626,1984,2,NGA,,,
29.72678,1984,3,NGA,,,
30.369516,1984,4,NGA,,,
29.272364,1984,5,NGA,,,
27.756979,1984,6,NGA,,,
26.420513,1984,7,NGA,,,
26.957834,1984,8,NGA,,,
26.598576,1984,9,NGA,,,
27.490597,1984,10,NGA,,,
26.379202,1984,11,NGA,,,
23.944159,1984,12,NGA,,,
26.037607,1985,1,NGA,,,
26.242167,1985,2,NGA,,,
29.900284,1985,3,NGA,,,
29.156124,1985,4,NGA,,,
29.222507,1985,5,NGA,,,
27.74701,1985,6,NGA,,,
25.789173,1985,7,NGA,,,
25.670654,1985,8,NGA,,,
26.184046,1985,9,NGA,,,
27.379486,1985,10,NGA,,,
26.590597,1985,11,NGA,,,
23.953276,1985,12,NGA,,,
24.377209,1986,1,NGA,,,
28.210827,1986,2,NGA,,,
29.703705,1986,3,NGA,,,
30.928204,1986,4,NGA,,,
29.476639,1986,5,NGA,,,
27.88034,1986,6,NGA,,,
25.284046,1986,7,NGA,,,
25.370655,1986,8,NGA,,,
25.9,1986,9,NGA,,,
26.939602,1986,10,NGA,,,
26.315384,1986,11,NGA,,,
23.706837,1986,12,NGA,,,
25.308262,1987,1,NGA,,,
27.873505,1987,2,NGA,,,
29.38262,1987,3,NGA,,,
29.73647,1987,4,NGA,,,
30.08604,1987,5,NGA,,,
28.253845,1987,6,NGA,,,
27.558975,1987,7,NGA,,,
26.509403,1987,8,NGA,,,
27.028492,1987,9,NGA,,,
27.440456,1987,10,NGA,,,
26.850428,1987,11,NGA,,,
25.136467,1987,12,NGA,,,
24.948433,1988,1,NGA,,,
27.390884,1988,2,NGA,,,
29.884329,1988,3,NGA,,,
30.6,1988,4,NGA,,,
29.80456,1988,5,NGA,,,
27.995157,1988,6,NGA,,,
25.933048,1988,7,NGA,,,
25.004274,1988,8,NGA,,,
25.92564,1988,9,NGA,,,
26.97265,1988,10,NGA,,,
26.303417,1988,11,NGA,,,
24.0302,1988,12,NGA,,,
22.888035,1989,1,NGA,,,
25.284616,1989,2,NGA,,,
28.330484,1989,3,NGA,,,
29.519089,1989,4,NGA,,,
28.917664,1989,5,NGA,,,
27.828205,1989,6,NGA,,,
25.995441,1989,7,NGA,,,
25.620514,1989,8,NGA,,,
26.189459,1989,9,NGA,,,
26.55071,1989,10,NGA,,,
26.383474,1989,11,NGA,,,
24.46923,1989,12,NGA,,,
25.885471,1990,1,NGA,,,
26.038462,1990,2,NGA,,,
28.263248,1990,3,NGA,,,
30.575785,1990,4,NGA,,,
29.364674,1990,5,NGA,,,
28.518518,1990,6,NGA,,,
25.82507,1990,7,NGA,,,
25.968374,1990,8,NGA,,,
26.673504,1990,9,NGA,,,
27.470371,1990,10,NGA,,,
27.348148,1990,11,NGA,,,
26.574076,1990,12,NGA,,,
24.904558,1991,1,NGA,,,
28.413391,1991,2,NGA,,,
29.442165,1991,3,NGA,,,
30.306269,1991,4,NGA,,,
28.09174,1991,5,NGA,,,
28.029629,1991,6,NGA,,,
25.888035,1991,7,NGA,,,
25.336468,1991,8,NGA,,,
26.786896,1991,9,NGA,,,
26.82963,1991,10,NGA,,,
26.005413,1991,11,NGA,,,
24.620228,1991,12,NGA,,,
23.629915,1992,1,NGA,,,
26.21339,1992,2,NGA,,,
29.811111,1992,3,NGA,,,
30.498861,1992,4,NGA,,,
28.621368,1992,5,NGA,,,
27.337036,1992,6,NGA,,,
25.541595,1992,7,NGA,,,
25.186325,1992,8,NGA,,,
25.641312,1992,9,NGA,,,
26.600285,1992,10,NGA,,,
25.679773,1992,11,NGA,,,
24.595158,1992,12,NGA,,,
23.418804,1993,1,NGA,,,
26.748434,1993,2,NGA,,,
29.199717,1993,3,NGA,,,
30.08547,1993,4,NGA,,,
29.666382,1993,5,NGA,,,
27.739887,1993,6,NGA,,,
26.17037,1993,7,NGA,,,
25.561253,1993,8,NGA,,,
26.116526,1993,9,NGA,,,
27.432764,1993,10,NGA,,,
27.190598,1993,11,NGA,,,
24.795727,1993,12,NGA,,,
24.69003,1994,1,NGA,,,
26.573788,1994,2,NGA,,,
29.775213,1994,3,NGA,,,
30.328491,1994,4,NGA,,,
29.368092,1994,5,NGA,,,
27.491451,1994,6,NGA,,,
25.625357,1994,7,NGA,,,
24.949574,1994,8,NGA,,,
25.525072,1994,9,NGA,,,
26.819942,1994,10,NGA,,,
25.989172,1994,11,NGA,,,
23.577494,1994,12,NGA,,,
24.046154,1995,1,NGA,,,
25.9849,1995,2,NGA,,,
29.316525,1995,3,NGA,,,
30.326496,1995,4,NGA,,,
29.427637,1995,5,NGA,,,
27.74416,1995,6,NGA,,,
26.623362,1995,7,NGA,,,
25.843588,1995,8,NGA,,,
26.111965,1995,9,NGA,,,
27.226496,1995,10,NGA,,,
25.841595,1995,11,NGA,,,
25.688318,1995,12,NGA,,,
25.879202,1996,1,NGA,,,
28.253277,1996,2,NGA,,,
30.135614,1996,3,NGA,,,
29.817093,1996,4,NGA,,,
28.867807,1996,5,NGA,,,
27.262394,1996,6,NGA,,,
26.698574,1996,7,NGA,,,
25.568945,1996,8,NGA,,,
25.782337,1996,9,NGA,,,
26.895441,1996,10,NGA,,,
25.282621,1996,11,NGA,,,
24.949287,1996,12,NGA,,,
25.670654,1997,1,NGA,,,
25.569231,1997,2,NGA,,,
28.880627,1997,3,NGA,,,
29.38946,1997,4,NGA,,,
28.39772,1997,5,NGA,,,
27.58604,1997,6,NGA,,,
26.144445,1997,7,NGA,,,
26.122507,1997,8,NGA,,,
27.064102,1997,9,NGA,,,
27.871796,1997,10,NGA,,,
27.3302,1997,11,NGA,,,
24.908833,1997,12,NGA,,,
24.995726,1998,1,NGA,,,
28.279202,1998,2,NGA,,,
29.335327,1998,3,NGA,,,
31.450998,1998,4,NGA,,,
30.18604,1998,5,NGA,,,
28.327066,1998,6,NGA,,,
27.180912,1998,7,NGA,,,
25.554417,1998,8,NGA,,,
26.02792,1998,9,NGA,,,
27.524216,1998,10,NGA,,,
27.233618,1998,11,NGA,,,
25.547009,1998,12,NGA,,,
25.34131,1999,1,NGA,,,
27.901138,1999,2,NGA,,,
30.29772,1999,3,NGA,,,
30.080057,1999,4,NGA,,,
28.967236,1999,5,NGA,,,
28.01054,1999,6,NGA,,,
25.868374,1999,7,NGA,,,
25.007122,1999,8,NGA,,,
25.51054,1999,9,NGA,,,
26.14302,1999,10,NGA,,,
26.84017,1999,11,NGA,,,
24.953846,1999,12,NGA,,,
24.665241,2000,1,NGA,,,
25.479488,2000,2,NGA,,,
28.83248,2000,3,NGA,,,
30.388605,2000,4,NGA,,,
29.911966,2000,5,NGA,,,
27.550426,2000,6,NGA,,,
26.02507,2000,7,NGA,,,
25.664103,2000,8,NGA,,,
25.979773,2000,9,NGA,,,
26.679485,2000,10,NGA,,,
26.549572,2000,11,NGA,,,
24.429344,2000,12,NGA,,,
24.368946,2001,1,NGA,,,
26.480627,2001,2,NGA,,,
29.252707,2001,3,NGA,,,
30.121937,2001,4,NGA,,,
29.096582,2001,5,NGA,,,
27.471796,2001,6,NGA,,,
26.32792,2001,7,NGA,,,
25.089174,2001,8,NGA,,,
25.635899,2001,9,NGA,,,
26.503988,2001,10,NGA,,,
27.629913,2001,11,NGA,,,
25.938177,2001,12,NGA,,,
24.37037,2002,1,NGA,,,
26.776352,2002,2,NGA,,,
29.46752,2002,3,NGA,,,
30.521368,2002,4,NGA,,,
30.001709,2002,5,NGA,,,
27.90627,2002,6,NGA,,,
26.64302,2002,7,NGA,,,
25.97322,2002,8,NGA,,,
26.099146,2002,9,NGA,,,
26.75755,2002,10,NGA,,,
26.921082,2002,11,NGA,,,
25.281765,2002,12,NGA,,,
25.41795,2003,1,NGA,,,
29.012537,2003,2,NGA,,,
29.21339,2003,3,NGA,,,
30.57721,2003,4,NGA,,,
29.471796,2003,5,NGA,,,
27.063532,2003,6,NGA,,,
26.410828,2003,7,NGA,,,
25.453846,2003,8,NGA,,,
26.104843,2003,9,NGA,,,
27.756413,2003,10,NGA,,,
27.18661,2003,11,NGA,,,
24.880056,2003,12,NGA,,,
25.447292,2004,1,NGA,,,
26.996866,2004,2,NGA,,,
29.110256,2004,3,NGA,,,
30.54245,2004,4,NGA,,,
29.164673,2004,5,NGA,,,
27.709116,2004,6,NGA,,,
25.914246,2004,7,NGA,,,
25.896866,2004,8,NGA,,,
26.736181,2004,9,NGA,,,
27.741312,2004,10,NGA,,,
26.889172,2004,11,NGA,,,
25.94929,2004,12,NGA,,,
24.693163,2005,1,NGA,,,
27.933903,2005,2,NGA,,,
31.039602,2005,3,NGA,,,
30.816809,2005,4,NGA,,,
29.412537,2005,5,NGA,,,
27.173788,2005,6,NGA,,,
26.099146,2005,7,NGA,,,
25.660969,2005,8,NGA,,,
26.742733,2005,9,NGA,,,
27.247864,2005,10,NGA,,,
26.741879,2005,11,NGA,,,
26.218235,2005,12,NGA,,,
25.97379,2006,1,NGA,,,
28.63789,2006,2,NGA,,,
29.738745,2006,3,NGA,,,
30.225925,2006,4,NGA,,,
29.499146,2006,5,NGA,,,
28.615671,2006,6,NGA,,,
27.007122,2006,7,NGA,,,
25.770086,2006,8,NGA,,,
26.066381,2006,9,NGA,,,
27.316238,2006,10,NGA,,,
26.013391,2006,11,NGA,,,
23.99658,2006,12,NGA,,,
24.191454,2007,1,NGA,,,
27.903418,2007,2,NGA,,,
29.617664,2007,3,NGA,,,
30.660114,2007,4,NGA,,,
29.640171,2007,5,NGA,,,
27.71054,2007,6,NGA,,,
26.6,2007,7,NGA,,,
25.811966,2007,8,NGA,,,
26.179773,2007,9,NGA,,,
27.706553,2007,10,NGA,,,
27.393162,2007,11,NGA,,,
25.703135,2007,12,NGA,,,
23.684046,2008,1,NGA,,,
26.522507,2008,2,NGA,,,
29.74701,2008,3,NGA,,,
29.994587,2008,4,NGA,,,
29.19402,2008,5,NGA,,,
27.851566,2008,6,NGA,,,
26.055841,2008,7,NGA,,,
25.764385,2008,8,NGA,,,
26.553844,2008,9,NGA,,,
27.44131,2008,10,NGA,,,
26.639603,2008,11,NGA,,,
26.170086,2008,12,NGA,,,
26.050426,2009,1,NGA,,,
28.634756,2009,2,NGA,,,
29.935614,2009,3,NGA,,,
30.94245,2009,4,NGA,,,
30.17208,2009,5,NGA,,,
28.281195,2009,6,NGA,,,
26.78661,2009,7,NGA,,,
26.26211,2009,8,NGA,,,
26.843021,2009,9,NGA,,,
27.694874,2009,10,NGA,,,
26.68034,2009,11,NGA,,,
25.961538,2009,12,NGA,,,
26.181705,2010,1,NGA,,,
28.554636,2010,2,NGA,,,
30.037094,2010,3,NGA,,,
30.826315,2010,4,NGA,,,
30.2203,2010,5,NGA,,,
28.60702,2010,6,NGA,,,
26.51654,2010,7,NGA,,,
25.82005,2010,8,NGA,,,
25.863409,2010,9,NGA,,,
27.735088,2010,10,NGA,,,
27.57168,2010,11,NGA,,,
25.305012,2010,12,NGA,,,
24.522808,2011,1,NGA,,,
28.57995,2011,2,NGA,,,
30.102757,2011,3,NGA,,,
30.408772,2011,4,NGA,,,
29.746115,2011,5,NGA,,,
27.9802,2011,6,NGA,,,
26.989475,2011,7,NGA,,,
25.869925,2011,8,NGA,,,
26.402756,2011,9,NGA,,,
27.361654,2011,10,NGA,,,
26.109524,2011,11,NGA,,,
24.485212,2011,12,NGA,,,
24.946867,2012,1,NGA,,,
28.369925,2012,2,NGA,,,
29.13609,2012,3,NGA,,,
31.165665,2012,4,NGA,,,
29.146616,2012,5,NGA,,,
27.145615,2012,6,NGA,,,
25.841354,2012,7,NGA,,,
25.194988,2012,8,NGA,,,
26.18371,2012,9,NGA,,,
26.546366,2012,10,NGA,,,
27.665915,2012,11,NGA,,,
25.246868,2012,12,NGA,,,
22.698885,1960,1,ZAF,,,
22.642008,1960,2,ZAF,,,
21.031971,1960,3,ZAF,,,
17.007063,1960,4,ZAF,,,
13.681598,1960,5,ZAF,,,
11.491636,1960,6,ZAF,,,
10.896282,1960,7,ZAF,,,
14.377881,1960,8,ZAF,,,
16.772676,1960,9,ZAF,,,
19.502232,1960,10,ZAF,,,
21.066914,1960,11,ZAF,,,
22.146282,1960,12,ZAF,,,
22.602974,1961,1,ZAF,,,
22.91933,1961,2,ZAF,,,
21.321003,1961,3,ZAF,,,
18.211895,1961,4,ZAF,,,
14.0288105,1961,5,ZAF,,,
12.392194,1961,6,ZAF,,,
12.4671,1961,7,ZAF,,,
12.686989,1961,8,ZAF,,,
16.840893,1961,9,ZAF,,,
17.661152,1961,10,ZAF,,,
20.655392,1961,11,ZAF,,,
21.331783,1961,12,ZAF,,,
23.126951,1962,1,ZAF,,,
22.525465,1962,2,ZAF,,,
21.308178,1962,3,ZAF,,,
17.650928,1962,4,ZAF,,,
14.338476,1962,5,ZAF,,,
11.818216,1962,6,ZAF,,,
11.928625,1962,7,ZAF,,,
13.7144985,1962,8,ZAF,,,
16.722862,1962,9,ZAF,,,
19.23829,1962,10,ZAF,,,
20.178066,1962,11,ZAF,,,
22.7842,1962,12,ZAF,,,
22.548698,1963,1,ZAF,,,
22.719332,1963,2,ZAF,,,
20.399258,1963,3,ZAF,,,
17.039406,1963,4,ZAF,,,
13.802974,1963,5,ZAF,,,
11.516914,1963,6,ZAF,,,
10.512267,1963,7,ZAF,,,
13.050186,1963,8,ZAF,,,
18.132343,1963,9,ZAF,,,
19.48513,1963,10,ZAF,,,
21.067657,1963,11,ZAF,,,
22.608364,1963,12,ZAF,,,
23.277695,1964,1,ZAF,,,
22.976765,1964,2,ZAF,,,
22.58606,1964,3,ZAF,,,
17.662268,1964,4,ZAF,,,
14.965242,1964,5,ZAF,,,
10.293866,1964,6,ZAF,,,
10.525465,1964,7,ZAF,,,
12.51264,1964,8,ZAF,,,
15.720447,1964,9,ZAF,,,
18.14182,1964,10,ZAF,,,
19.840706,1964,11,ZAF,,,
21.789963,1964,12,ZAF,,,
23.095167,1965,1,ZAF,,,
23.12026,1965,2,ZAF,,,
21.397955,1965,3,ZAF,,,
17.643496,1965,4,ZAF,,,
14.400557,1965,5,ZAF,,,
9.877509,1965,6,ZAF,,,
11.645725,1965,7,ZAF,,,
14.331227,1965,8,ZAF,,,
16.945538,1965,9,ZAF,,,
17.181599,1965,10,ZAF,,,
20.028996,1965,11,ZAF,,,
21.974535,1965,12,ZAF,,,
24.235317,1966,1,ZAF,,,
21.35762,1966,2,ZAF,,,
21.485687,1966,3,ZAF,,,
17.654089,1966,4,ZAF,,,
14.399257,1966,5,ZAF,,,
12.661524,1966,6,ZAF,,,
11.363011,1966,7,ZAF,,,
13.635874,1966,8,ZAF,,,
15.730484,1966,9,ZAF,,,
19.251673,1966,10,ZAF,,,
21.174164,1966,11,ZAF,,,
23.078625,1966,12,ZAF,,,
22.685316,1967,1,ZAF,,,
22.230669,1967,2,ZAF,,,
20.593494,1967,3,ZAF,,,
16.82844,1967,4,ZAF,,,
14.396097,1967,5,ZAF,,,
11.154461,1967,6,ZAF,,,
10.069703,1967,7,ZAF,,,
13.134572,1967,8,ZAF,,,
16.38383,1967,9,ZAF,,,
18.494053,1967,10,ZAF,,,
21.084202,1967,11,ZAF,,,
22.804832,1967,12,ZAF,,,
23.432343,1968,1,ZAF,,,
22.069515,1968,2,ZAF,,,
20.477139,1968,3,ZAF,,,
16.486803,1968,4,ZAF,,,
13.979739,1968,5,ZAF,,,
9.339963,1968,6,ZAF,,,
11.374164,1968,7,ZAF,,,
12.82881,1968,8,ZAF,,,
15.975466,1968,9,ZAF,,,
18.23922,1968,10,ZAF,,,
20.276394,1968,11,ZAF,,,
22.46896,1968,12,ZAF,,,
24.19907,1969,1,ZAF,,,
23.888103,1969,2,ZAF,,,
21.312824,1969,3,ZAF,,,
17.339033,1969,4,ZAF,,,
14.173048,1969,5,ZAF,,,
11.755018,1969,6,ZAF,,,
12.069145,1969,7,ZAF,,,
13.879369,1969,8,ZAF,,,
15.518402,1969,9,ZAF,,,
18.113567,1969,10,ZAF,,,
20.74368,1969,11,ZAF,,,
22.613754,1969,12,ZAF,,,
23.995724,1970,1,ZAF,,,
22.995539,1970,2,ZAF,,,
21.910967,1970,3,ZAF,,,
18.748142,1970,4,ZAF,,,
14.995539,1970,5,ZAF,,,
11.544795,1970,6,ZAF,,,
11.025093,1970,7,ZAF,,,
12.822492,1970,8,ZAF,,,
16.147398,1970,9,ZAF,,,
18.787174,1970,10,ZAF,,,
20.505205,1970,11,ZAF,,,
21.633642,1970,12,ZAF,,,
22.673977,1971,1,ZAF,,,
22.14461,1971,2,ZAF,,,
21.836803,1971,3,ZAF,,,
18.297398,1971,4,ZAF,,,
14.237175,1971,5,ZAF,,,
11.942565,1971,6,ZAF,,,
11.584573,1971,7,ZAF,,,
12.213569,1971,8,ZAF,,,
15.979739,1971,9,ZAF,,,
18.008179,1971,10,ZAF,,,
19.732899,1971,11,ZAF,,,
21.790892,1971,12,ZAF,,,
22.848513,1972,1,ZAF,,,
21.884014,1972,2,ZAF,,,
20.745724,1972,3,ZAF,,,
18.293308,1972,4,ZAF,,,
14.0288105,1972,5,ZAF,,,
11.42658,1972,6,ZAF,,,
11.670817,1972,7,ZAF,,,
12.760408,1972,8,ZAF,,,
16.4171,1972,9,ZAF,,,
19.707806,1972,10,ZAF,,,
21.535686,1972,11,ZAF,,,
23.224907,1972,12,ZAF,,,
23.937546,1973,1,ZAF,,,
22.630856,1973,2,ZAF,,,
22.35855,1973,3,ZAF,,,
18.089777,1973,4,ZAF,,,
14.075836,1973,5,ZAF,,,
12.760966,1973,6,ZAF,,,
11.9263935,1973,7,ZAF,,,
12.725836,1973,8,ZAF,,,
15.299627,1973,9,ZAF,,,
18.883272,1973,10,ZAF,,,
20.28513,1973,11,ZAF,,,
21.203903,1973,12,ZAF,,,
22.701859,1974,1,ZAF,,,
22.302975,1974,2,ZAF,,,
20.530111,1974,3,ZAF,,,
17.615612,1974,4,ZAF,,,
14.059851,1974,5,ZAF,,,
11.747026,1974,6,ZAF,,,
11.455762,1974,7,ZAF,,,
12.148513,1974,8,ZAF,,,
15.29052,1974,9,ZAF,,,
18.317657,1974,10,ZAF,,,
20.297583,1974,11,ZAF,,,
21.84554,1974,12,ZAF,,,
22.638103,1975,1,ZAF,,,
22.14052,1975,2,ZAF,,,
19.843494,1975,3,ZAF,,,
17.50316,1975,4,ZAF,,,
14.2918215,1975,5,ZAF,,,
12.220075,1975,6,ZAF,,,
11.155762,1975,7,ZAF,,,
12.683271,1975,8,ZAF,,,
17.178997,1975,9,ZAF,,,
17.6329,1975,10,ZAF,,,
20.15316,1975,11,ZAF,,,
20.771376,1975,12,ZAF,,,
21.972675,1976,1,ZAF,,,
21.71394,1976,2,ZAF,,,
20.368402,1976,3,ZAF,,,
17.676579,1976,4,ZAF,,,
14.255575,1976,5,ZAF,,,
11.250744,1976,6,ZAF,,,
11.027323,1976,7,ZAF,,,
12.313197,1976,8,ZAF,,,
16.556505,1976,9,ZAF,,,
17.767843,1976,10,ZAF,,,
18.892008,1976,11,ZAF,,,
21.976023,1976,12,ZAF,,,
23.30669,1977,1,ZAF,,,
23.08197,1977,2,ZAF,,,
20.097769,1977,3,ZAF,,,
18.809666,1977,4,ZAF,,,
13.565985,1977,5,ZAF,,,
11.884386,1977,6,ZAF,,,
11.219145,1977,7,ZAF,,,
13.066172,1977,8,ZAF,,,
16.33197,1977,9,ZAF,,,
19.077137,1977,10,ZAF,,,
21.191078,1977,11,ZAF,,,
22.849628,1977,12,ZAF,,,
22.637918,1978,1,ZAF,,,
22.568401,1978,2,ZAF,,,
21.909294,1978,3,ZAF,,,
16.962082,1978,4,ZAF,,,
14.302974,1978,5,ZAF,,,
10.955576,1978,6,ZAF,,,
12.383271,1978,7,ZAF,,,
13.845167,1978,8,ZAF,,,
15.38829,1978,9,ZAF,,,
17.180485,1978,10,ZAF,,,
21.18606,1978,11,ZAF,,,
22.16487,1978,12,ZAF,,,
22.617474,1979,1,ZAF,,,
23.481785,1979,2,ZAF,,,
21.17342,1979,3,ZAF,,,
19.51487,1979,4,ZAF,,,
15.108549,1979,5,ZAF,,,
12.031784,1979,6,ZAF,,,
10.94145,1979,7,ZAF,,,
13.698698,1979,8,ZAF,,,
15.665799,1979,9,ZAF,,,
18.586246,1979,10,ZAF,,,
20.883085,1979,11,ZAF,,,
22.70539,1979,12,ZAF,,,
22.74275,1980,1,ZAF,,,
22.88383,1980,2,ZAF,,,
21.81394,1980,3,ZAF,,,
18.037546,1980,4,ZAF,,,
14.688848,1980,5,ZAF,,,
11.615427,1980,6,ZAF,,,
11.842751,1980,7,ZAF,,,
14.159108,1980,8,ZAF,,,
15.545911,1980,9,ZAF,,,
19.059666,1980,10,ZAF,,,
19.722862,1980,11,ZAF,,,
22.305761,1980,12,ZAF,,,
22.894424,1981,1,ZAF,,,
22.524534,1981,2,ZAF,,,
20.186432,1981,3,ZAF,,,
18.49238,1981,4,ZAF,,,
15.04777,1981,5,ZAF,,,
10.990706,1981,6,ZAF,,,
11.636989,1981,7,ZAF,,,
11.895539,1981,8,ZAF,,,
14.729739,1981,9,ZAF,,,
17.093866,1981,10,ZAF,,,
21.181042,1981,11,ZAF,,,
22.013012,1981,12,ZAF,,,
23.049257,1982,1,ZAF,,,
23.36487,1982,2,ZAF,,,
21.177137,1982,3,ZAF,,,
16.812454,1982,4,ZAF,,,
14.870631,1982,5,ZAF,,,
11.821748,1982,6,ZAF,,,
11.797584,1982,7,ZAF,,,
13.664683,1982,8,ZAF,,,
17.628254,1982,9,ZAF,,,
18.82658,1982,10,ZAF,,,
20.153717,1982,11,ZAF,,,
22.587545,1982,12,ZAF,,,
24.741451,1983,1,ZAF,,,
23.024534,1983,2,ZAF,,,
22.039776,1983,3,ZAF,,,
20.026394,1983,4,ZAF,,,
14.879369,1983,5,ZAF,,,
12.443495,1983,6,ZAF,,,
12.039777,1983,7,ZAF,,,
12.921003,1983,8,ZAF,,,
16.965242,1983,9,ZAF,,,
18.965427,1983,10,ZAF,,,
20.790707,1983,11,ZAF,,,
22.756134,1983,12,ZAF,,,
23.76617,1984,1,ZAF,,,
23.988476,1984,2,ZAF,,,
22.243309,1984,3,ZAF,,,
18.196653,1984,4,ZAF,,,
14.68959,1984,5,ZAF,,,
12.136618,1984,6,ZAF,,,
11.884944,1984,7,ZAF,,,
13.8687725,1984,8,ZAF,,,
16.968029,1984,9,ZAF,,,
18.91078,1984,10,ZAF,,,
20.745167,1984,11,ZAF,,,
22.084015,1984,12,ZAF,,,
23.998884,1985,1,ZAF,,,
23.028624,1985,2,ZAF,,,
20.84368,1985,3,ZAF,,,
18.338848,1985,4,ZAF,,,
14.826208,1985,5,ZAF,,,
12.377695,1985,6,ZAF,,,
11.664126,1985,7,ZAF,,,
14.816172,1985,8,ZAF,,,
16.696653,1985,9,ZAF,,,
20.08736,1985,10,ZAF,,,
22.045168,1985,11,ZAF,,,
21.8158,1985,12,ZAF,,,
23.677694,1986,1,ZAF,,,
22.663568,1986,2,ZAF,,,
21.381413,1986,3,ZAF,,,
18.997583,1986,4,ZAF,,,
15.990892,1986,5,ZAF,,,
12.360967,1986,6,ZAF,,,
11.7983265,1986,7,ZAF,,,
14.288477,1986,8,ZAF,,,
16.677137,1986,9,ZAF,,,
18.730669,1986,10,ZAF,,,
20.174534,1986,11,ZAF,,,
23.195724,1986,12,ZAF,,,
23.49461,1987,1,ZAF,,,
24.175093,1987,2,ZAF,,,
22.14182,1987,3,ZAF,,,
19.523235,1987,4,ZAF,,,
16.86487,1987,5,ZAF,,,
11.672862,1987,6,ZAF,,,
11.483271,1987,7,ZAF,,,
13.494238,1987,8,ZAF,,,
15.774164,1987,9,ZAF,,,
18.831413,1987,10,ZAF,,,
21.276022,1987,11,ZAF,,,
22.810595,1987,12,ZAF,,,
24.113197,1988,1,ZAF,,,
23.44907,1988,2,ZAF,,,
21.903717,1988,3,ZAF,,,
17.518215,1988,4,ZAF,,,
15.349443,1988,5,ZAF,,,
11.331784,1988,6,ZAF,,,
11.592008,1988,7,ZAF,,,
14.600929,1988,8,ZAF,,,
16.02881,1988,9,ZAF,,,
17.700373,1988,10,ZAF,,,
20.373234,1988,11,ZAF,,,
21.430298,1988,12,ZAF,,,
23.023605,1989,1,ZAF,,,
21.674908,1989,2,ZAF,,,
21.201115,1989,3,ZAF,,,
17.9855,1989,4,ZAF,,,
15.21078,1989,5,ZAF,,,
11.576394,1989,6,ZAF,,,
11.249442,1989,7,ZAF,,,
14.534945,1989,8,ZAF,,,
15.926023,1989,9,ZAF,,,
17.82658,1989,10,ZAF,,,
20.243122,1989,11,ZAF,,,
22.568401,1989,12,ZAF,,,
23.550186,1990,1,ZAF,,,
22.333643,1990,2,ZAF,,,
21.423792,1990,3,ZAF,,,
18.36134,1990,4,ZAF,,,
14.801488,1990,5,ZAF,,,
11.477324,1990,6,ZAF,,,
11.645167,1990,7,ZAF,,,
13.5609665,1990,8,ZAF,,,
16.667286,1990,9,ZAF,,,
18.796097,1990,10,ZAF,,,
21.106876,1990,11,ZAF,,,
22.453716,1990,12,ZAF,,,
23.251673,1991,1,ZAF,,,
22.783272,1991,2,ZAF,,,
21.106134,1991,3,ZAF,,,
18.81041,1991,4,ZAF,,,
15.504832,1991,5,ZAF,,,
11.697397,1991,6,ZAF,,,
11.648142,1991,7,ZAF,,,
12.845167,1991,8,ZAF,,,
16.490705,1991,9,ZAF,,,
18.90316,1991,10,ZAF,,,
20.952045,1991,11,ZAF,,,
22.287546,1991,12,ZAF,,,
24.253717,1992,1,ZAF,,,
24.030855,1992,2,ZAF,,,
22.354275,1992,3,ZAF,,,
19.553717,1992,4,ZAF,,,
14.981784,1992,5,ZAF,,,
11.915242,1992,6,ZAF,,,
12.112453,1992,7,ZAF,,,
13.021376,1992,8,ZAF,,,
17.357063,1992,9,ZAF,,,
18.92751,1992,10,ZAF,,,
20.455204,1992,11,ZAF,,,
22.881784,1992,12,ZAF,,,
24.187733,1993,1,ZAF,,,
22.435316,1993,2,ZAF,,,
21.957064,1993,3,ZAF,,,
18.003717,1993,4,ZAF,,,
15.197769,1993,5,ZAF,,,
12.080297,1993,6,ZAF,,,
13.299627,1993,7,ZAF,,,
13.9390335,1993,8,ZAF,,,
17.801115,1993,9,ZAF,,,
19.683828,1993,10,ZAF,,,
21.066914,1993,11,ZAF,,,
22.643124,1993,12,ZAF,,,
22.875465,1994,1,ZAF,,,
22.526766,1994,2,ZAF,,,
21.433643,1994,3,ZAF,,,
18.776022,1994,4,ZAF,,,
14.979553,1994,5,ZAF,,,
11.055576,1994,6,ZAF,,,
10.667286,1994,7,ZAF,,,
13.341822,1994,8,ZAF,,,
17.124722,1994,9,ZAF,,,
18.377323,1994,10,ZAF,,,
21.067844,1994,11,ZAF,,,
22.809294,1994,12,ZAF,,,
23.820261,1995,1,ZAF,,,
24.56171,1995,2,ZAF,,,
21.670631,1995,3,ZAF,,,
17.782156,1995,4,ZAF,,,
15.124721,1995,5,ZAF,,,
11.607992,1995,6,ZAF,,,
11.0094795,1995,7,ZAF,,,
14.21171,1995,8,ZAF,,,
17.288662,1995,9,ZAF,,,
18.37119,1995,10,ZAF,,,
20.847769,1995,11,ZAF,,,
21.223234,1995,12,ZAF,,,
23.613384,1996,1,ZAF,,,
22.790707,1996,2,ZAF,,,
20.681784,1996,3,ZAF,,,
18.101673,1996,4,ZAF,,,
15.279553,1996,5,ZAF,,,
12.189776,1996,6,ZAF,,,
10.098327,1996,7,ZAF,,,
12.2278805,1996,8,ZAF,,,
15.908178,1996,9,ZAF,,,
18.852417,1996,10,ZAF,,,
19.26078,1996,11,ZAF,,,
21.966171,1996,12,ZAF,,,
23.009295,1997,1,ZAF,,,
22.726208,1997,2,ZAF,,,
20.486616,1997,3,ZAF,,,
16.494053,1997,4,ZAF,,,
13.924164,1997,5,ZAF,,,
11.497212,1997,6,ZAF,,,
11.818959,1997,7,ZAF,,,
14.406134,1997,8,ZAF,,,
17.696283,1997,9,ZAF,,,
19.653904,1997,10,ZAF,,,
20.307436,1997,11,ZAF,,,
23.060038,1997,12,ZAF,,,
23.031784,1998,1,ZAF,,,
23.966358,1998,2,ZAF,,,
21.898512,1998,3,ZAF,,,
19.526022,1998,4,ZAF,,,
14.902974,1998,5,ZAF,,,
12.376394,1998,6,ZAF,,,
12.242007,1998,7,ZAF,,,
13.991821,1998,8,ZAF,,,
16.56803,1998,9,ZAF,,,
18.94907,1998,10,ZAF,,,
20.592194,1998,11,ZAF,,,
22.23197,1998,12,ZAF,,,
24.052418,1999,1,ZAF,,,
23.923235,1999,2,ZAF,,,
22.79182,1999,3,ZAF,,,
19.280668,1999,4,ZAF,,,
15.115242,1999,5,ZAF,,,
12.955948,1999,6,ZAF,,,
12.992193,1999,7,ZAF,,,
13.942937,1999,8,ZAF,,,
15.775093,1999,9,ZAF,,,
19.293495,1999,10,ZAF,,,
21.958364,1999,11,ZAF,,,
22.808178,1999,12,ZAF,,,
21.969145,2000,1,ZAF,,,
23.073235,2000,2,ZAF,,,
21.497211,2000,3,ZAF,,,
17.591078,2000,4,ZAF,,,
13.580297,2000,5,ZAF,,,
12.543308,2000,6,ZAF,,,
11.533829,2000,7,ZAF,,,
14.45948,2000,8,ZAF,,,
15.564684,2000,9,ZAF,,,
19.248884,2000,10,ZAF,,,
20.255575,2000,11,ZAF,,,
22.376022,2000,12,ZAF,,,
23.228067,2001,1,ZAF,,,
22.960781,2001,2,ZAF,,,
22.048885,2001,3,ZAF,,,
18.075836,2001,4,ZAF,,,
15.052231,2001,5,ZAF,,,
12.537733,2001,6,ZAF,,,
11.235315,2001,7,ZAF,,,
13.673235,2001,8,ZAF,,,
15.556505,2001,9,ZAF,,,
19.773792,2001,10,ZAF,,,
20.610409,2001,11,ZAF,,,
22.066729,2001,12,ZAF,,,
22.701302,2002,1,ZAF,,,
23.119888,2002,2,ZAF,,,
21.970818,2002,3,ZAF,,,
19.454832,2002,4,ZAF,,,
14.565799,2002,5,ZAF,,,
11.331041,2002,6,ZAF,,,
10.99684,2002,7,ZAF,,,
13.893496,2002,8,ZAF,,,
16.746655,2002,9,ZAF,,,
19.433271,2002,10,ZAF,,,
20.266357,2002,11,ZAF,,,
22.92565,2002,12,ZAF,,,
24.027508,2003,1,ZAF,,,
24.181042,2003,2,ZAF,,,
21.934944,2003,3,ZAF,,,
20.040892,2003,4,ZAF,,,
15.097026,2003,5,ZAF,,,
11.848885,2003,6,ZAF,,,
11.867101,2003,7,ZAF,,,
12.336988,2003,8,ZAF,,,
16.196653,2003,9,ZAF,,,
19.592564,2003,10,ZAF,,,
21.565056,2003,11,ZAF,,,
22.726765,2003,12,ZAF,,,
22.111153,2004,1,ZAF,,,
23.813383,2004,2,ZAF,,,
21.397398,2004,3,ZAF,,,
18.965242,2004,4,ZAF,,,
16.358364,2004,5,ZAF,,,
12.665427,2004,6,ZAF,,,
11.207807,2004,7,ZAF,,,
14.715055,2004,8,ZAF,,,
15.969332,2004,9,ZAF,,,
19.637732,2004,10,ZAF,,,
23.048512,2004,11,ZAF,,,
23.521748,2004,12,ZAF,,,
23.913012,2005,1,ZAF,,,
24.13829,2005,2,ZAF,,,
21.58959,2005,3,ZAF,,,
18.086432,2005,4,ZAF,,,
15.711896,2005,5,ZAF,,,
12.608922,2005,6,ZAF,,,
13.177137,2005,7,ZAF,,,
14.108549,2005,8,ZAF,,,
17.818958,2005,9,ZAF,,,
19.721376,2005,10,ZAF,,,
21.394981,2005,11,ZAF,,,
22.224535,2005,12,ZAF,,,
23.895353,2006,1,ZAF,,,
23.514683,2006,2,ZAF,,,
20.616358,2006,3,ZAF,,,
18.446096,2006,4,ZAF,,,
13.541079,2006,5,ZAF,,,
12.429926,2006,6,ZAF,,,
12.901487,2006,7,ZAF,,,
13.136432,2006,8,ZAF,,,
17.122492,2006,9,ZAF,,,
20.023605,2006,10,ZAF,,,
21.362082,2006,11,ZAF,,,
22.839777,2006,12,ZAF,,,
24.131227,2007,1,ZAF,,,
24.073235,2007,2,ZAF,,,
22.060966,2007,3,ZAF,,,
19.561895,2007,4,ZAF,,,
15.260037,2007,5,ZAF,,,
12.377138,2007,6,ZAF,,,
11.833829,2007,7,ZAF,,,
13.751116,2007,8,ZAF,,,
17.823048,2007,9,ZAF,,,
18.836617,2007,10,ZAF,,,
20.487175,2007,11,ZAF,,,
22.280298,2007,12,ZAF,,,
23.621004,2008,1,ZAF,,,
23.740892,2008,2,ZAF,,,
21.768959,2008,3,ZAF,,,
18.019331,2008,4,ZAF,,,
16.09554,2008,5,ZAF,,,
12.781599,2008,6,ZAF,,,
12.469889,2008,7,ZAF,,,
14.653346,2008,8,ZAF,,,
15.741821,2008,9,ZAF,,,
19.28959,2008,10,ZAF,,,
21.663012,2008,11,ZAF,,,
23.443123,2008,12,ZAF,,,
23.702602,2009,1,ZAF,,,
23.349072,2009,2,ZAF,,,
21.807436,2009,3,ZAF,,,
19.736988,2009,4,ZAF,,,
15.415056,2009,5,ZAF,,,
12.929553,2009,6,ZAF,,,
11.877323,2009,7,ZAF,,,
14.503717,2009,8,ZAF,,,
16.744053,2009,9,ZAF,,,
19.813198,2009,10,ZAF,,,
20.583828,2009,11,ZAF,,,
22.57249,2009,12,ZAF,,,
23.826256,2010,1,ZAF,,,
24.068882,2010,2,ZAF,,,
23.076824,2010,3,ZAF,,,
19.327715,2010,4,ZAF,,,
16.541977,2010,5,ZAF,,,
12.42269,2010,6,ZAF,,,
13.379741,2010,7,ZAF,,,
14.792221,2010,8,ZAF,,,
18.091734,2010,9,ZAF,,,
19.558834,2010,10,ZAF,,,
21.684116,2010,11,ZAF,,,
22.913614,2010,12,ZAF,,,
23.72334,2011,1,ZAF,,,
23.600487,2011,2,ZAF,,,
23.073582,2011,3,ZAF,,,
18.40227,2011,4,ZAF,,,
16.98055,2011,5,ZAF,,,
11.999676,2011,6,ZAF,,,
11.474069,2011,7,ZAF,,,
13.921394,2011,8,ZAF,,,
17.641167,2011,9,ZAF,,,
19.266613,2011,10,ZAF,,,
20.959318,2011,11,ZAF,,,
22.424635,2011,12,ZAF,,,
24.747164,2012,1,ZAF,,,
23.723988,2012,2,ZAF,,,
22.602917,2012,3,ZAF,,,
18.524635,2012,4,ZAF,,,
15.651701,2012,5,ZAF,,,
12.527067,2012,6,ZAF,,,
12.176824,2012,7,ZAF,,,
13.869692,2012,8,ZAF,,,
16.217503,2012,9,ZAF,,,
19.326904,2012,10,ZAF,,,
21.704052,2012,11,ZAF,,,
23.088818,2012,12,ZAF,,,
